Priority,Keyword,Cluster,Avg monthly searches,Competition,Comp index (0-100),Top bid low (INR),Top bid high (INR),3-month change,YoY change
P1,biometric attendance,Attendance / biometric replacement,50000,Medium,36,20.58,132.75,0%,0%
P1,realtime biometric,Attendance / biometric replacement,50000,Low,11,3.25,118.43,0%,0%
P1,cctv installation companies near me,CCTV install / service (local),50000,Low,22,7.49,44.14,0%,900%
P1,biometric attendance system,Attendance / biometric replacement,5000,Medium,42,30.08,157.68,0%,0%
P1,attendance system with biometric,Attendance / biometric replacement,5000,Medium,42,30.08,157.68,0%,0%
P1,fingerprint attendance system,Attendance / biometric replacement,5000,Medium,34,5.93,117.95,-90%,0%
P1,thumbprint attendance system,Attendance / biometric replacement,5000,Medium,34,5.93,117.95,-90%,0%
P1,fingerprint system for attendance,Attendance / biometric replacement,5000,Medium,34,5.93,117.95,-90%,0%
P1,attendance fingerprint system,Attendance / biometric replacement,5000,Medium,34,5.93,117.95,-90%,0%
P1,aadhaar based attendance,Attendance / biometric replacement,5000,Low,3,21.65,103.76,0%,-90%
P1,aebas attendance,Attendance / biometric replacement,5000,Low,0,38.37,94.43,0%,0%
P1,aadhaar attendance,Attendance / biometric replacement,5000,Low,0,38.11,69.90,900%,0%
P1,aebas,Attendance / biometric replacement,5000,Low,0,0.00,0.00,900%,900%
P2,face recognition attendance system,Attendance / biometric replacement,5000,Medium,60,32.67,167.92,0%,0%
P2,face scanning attendance system,Attendance / biometric replacement,5000,Medium,60,32.67,167.92,0%,0%
P2,attendance machine,Attendance / biometric replacement,5000,High,91,3.06,128.22,0%,0%
P2,machine attendance,Attendance / biometric replacement,5000,High,91,3.06,128.22,0%,0%
P2,biometric attendance machine,Attendance / biometric replacement,5000,High,86,2.85,122.02,900%,900%
P2,biometric device for attendance,Attendance / biometric replacement,5000,High,83,2.68,112.62,0%,0%
P2,biometrics machine,Attendance / biometric replacement,5000,High,83,1.31,100.07,0%,0%
P2,attendance punching machine,Attendance / biometric replacement,5000,High,89,2.68,99.18,0%,0%
P2,face attendance machine,Attendance / biometric replacement,5000,High,100,4.63,92.47,0%,0%
P2,fingerprint attendance machine,Attendance / biometric replacement,5000,High,90,1.64,89.35,0%,0%
P2,thumbprint attendance machine,Attendance / biometric replacement,5000,High,90,1.64,89.35,0%,0%
P2,finger attendance machine,Attendance / biometric replacement,5000,High,90,1.64,89.35,0%,0%
P2,biometric attendance machine price,Attendance / biometric replacement,5000,High,94,1.27,78.06,0%,0%
P2,biometric essl,Attendance / biometric replacement,5000,High,78,1.43,65.00,900%,900%
P2,essl biometric machine,Attendance / biometric replacement,5000,High,95,1.32,59.84,0%,0%
P2,essl biometric device,Attendance / biometric replacement,5000,High,95,1.32,59.84,0%,0%
P2,ai cctv camera,AI CCTV / video analytics,5000,High,89,1.35,30.85,0%,0%
P2,essl x 990,Attendance / biometric replacement,5000,High,82,1.21,13.36,0%,0%
P2,essl mb20,Attendance / biometric replacement,5000,High,80,0.88,9.79,0%,0%
P2,essl k90,Attendance / biometric replacement,5000,Medium,57,0.75,9.27,0%,0%
P2,essl k30,Attendance / biometric replacement,5000,High,81,0.74,3.71,0%,0%
P2,biometric attendance near me,Attendance / biometric replacement,500,Low,24,26.77,219.18,0%,0%
P2,matrix attendance,Attendance / biometric replacement,500,Medium,36,20.28,183.09,0%,0%
P2,biometric time and attendance systems,Attendance / biometric replacement,500,Low,15,31.88,165.64,0%,0%
P2,biometric time attendance system,Attendance / biometric replacement,500,Low,15,31.88,165.64,0%,0%
P2,face recognition attendance,Attendance / biometric replacement,500,Low,27,38.17,153.67,0%,0%
P2,face detection attendance,Attendance / biometric replacement,500,Low,27,38.17,153.67,0%,0%
P2,employee biometric attendance,Attendance / biometric replacement,500,Medium,39,22.19,142.06,0%,0%
P2,real time biometric attendance,Attendance / biometric replacement,500,Low,28,26.37,127.15,0%,0%
P2,face recognition based attendance system,Attendance / biometric replacement,500,Low,33,37.20,121.92,0%,0%
P2,aadhaar based biometric attendance system,Attendance / biometric replacement,500,Low,13,27.10,121.58,0%,0%
P2,ai attendance system,Attendance / biometric replacement,500,Low,27,28.62,109.45,0%,0%
P2,video analytics software,AI CCTV / video analytics,500,Low,13,25.80,107.08,0%,0%
P2,face attendance,Attendance / biometric replacement,500,Low,33,23.35,95.26,900%,900%
P2,bio attendance,Attendance / biometric replacement,500,Low,6,9.00,82.72,0%,0%
P2,aadhaar enabled biometric attendance system,Attendance / biometric replacement,500,Low,31,1.30,77.26,0%,0%
P2,aadhaar based biometric,Attendance / biometric replacement,500,Low,10,1.68,72.88,0%,0%
P2,aiface mercury,Other,500,Medium,35,1.10,69.03,-90%,-90%
P2,aadhaar based biometric attendance,Attendance / biometric replacement,500,Low,10,1.83,68.86,0%,0%
P2,aadhaar based attendance system,Attendance / biometric replacement,500,Low,7,14.25,60.57,900%,0%
P2,cctv installation company,CCTV install / service (local),500,Low,14,10.23,60.04,900%,0%
P2,on time secureye,Other,500,Low,5,20.26,57.34,0%,-90%
P2,best cctv camera installation near me,CCTV install / service (local),500,Medium,34,8.20,56.64,0%,0%
P2,cctv companies near me,CCTV install / service (local),500,Low,21,14.82,49.25,900%,0%
P2,best cctv installation near me,CCTV install / service (local),500,Low,18,4.71,42.63,0%,0%
P2,camera installation service near me,CCTV install / service (local),500,Low,28,7.68,38.40,0%,0%
P2,cctv camera providers near me,CCTV install / service (local),500,Medium,39,5.21,35.15,0%,900%
P2,cctv camera ludhiana,Other,500,Low,11,1.09,9.66,0%,0%
P2,msd1k,Other,500,Low,22,0.64,5.56,-90%,-90%
P2,aadhaar biometric attendance,Attendance / biometric replacement,500,Low,1,0.00,0.00,0%,0%
P2,aadhaar enabled biometric,Attendance / biometric replacement,500,Low,6,0.00,0.00,0%,0%
P2,aadhaar enabled biometric attendance system aebas,Attendance / biometric replacement,500,Low,3,0.00,0.00,0%,900%
P2,aebas biometric attendance,Attendance / biometric replacement,500,Low,1,0.00,0.00,0%,0%
P2,aebas device,Attendance / biometric replacement,500,Low,23,0.00,0.00,0%,0%
P2,bmc attendance biometric,Attendance / biometric replacement,500,Low,0,0.00,0.00,0%,900%
P2,esic biometric attendance,Attendance / biometric replacement,500,Low,0,0.00,0.00,-90%,-90%
P2,face recognition student attendance system,Attendance / biometric replacement,500,Low,0,0.00,0.00,900%,900%
P3,attendance system using face recognition,Attendance / biometric replacement,500,High,74,38.81,251.84,0%,0%
P3,essl biometric attendance system,Attendance / biometric replacement,500,High,97,2.62,203.29,0%,0%
P3,biometric attendance management system,Attendance / biometric replacement,500,Medium,41,30.05,183.88,0%,0%
P3,face detection attendance system,Attendance / biometric replacement,500,High,90,35.45,167.61,0%,0%
P3,face attendance system,Attendance / biometric replacement,500,Medium,63,27.79,162.67,0%,0%
P3,staff attendance machine,Attendance / biometric replacement,500,High,94,5.84,159.01,0%,0%
P3,best attendance machine,Attendance / biometric replacement,500,High,100,21.15,158.67,0%,0%
P3,face biometric attendance system,Attendance / biometric replacement,500,High,84,29.33,157.93,-90%,-90%
P3,office attendance machine,Attendance / biometric replacement,500,High,98,11.07,153.47,900%,900%
P3,attendance machine for office,Attendance / biometric replacement,500,High,98,11.07,153.47,900%,900%
P3,employee attendance machine,Attendance / biometric replacement,500,High,88,12.06,152.31,0%,0%
P3,face id attendance system,Attendance / biometric replacement,500,High,100,32.84,151.70,0%,0%
P3,biometric fingerprint attendance system,Attendance / biometric replacement,500,Medium,65,9.41,150.48,0%,0%
P3,biometric finger attendance system,Attendance / biometric replacement,500,Medium,65,9.41,150.48,0%,0%
P3,attendance machine near me,Attendance / biometric replacement,500,Medium,45,9.48,147.11,0%,0%
P3,best biometric attendance machine,Attendance / biometric replacement,500,High,100,11.09,140.60,0%,0%
P3,office biometric machine,Attendance / biometric replacement,500,High,86,4.17,131.41,0%,900%
P3,face biometric attendance machine,Attendance / biometric replacement,500,High,100,4.81,130.79,0%,-90%
P3,biometric attendance machine near me,Attendance / biometric replacement,500,Medium,48,9.67,130.33,0%,0%
P3,face recognition biometric attendance system price,Attendance / biometric replacement,500,High,96,13.20,129.35,0%,0%
P3,face biometric attendance,Attendance / biometric replacement,500,High,98,19.63,127.00,0%,0%
P3,time attendance machine,Attendance / biometric replacement,500,High,70,5.37,118.69,0%,0%
P3,time and attendance machine,Attendance / biometric replacement,500,High,70,5.37,118.69,0%,0%
P3,thumbprint attendance,Attendance / biometric replacement,500,High,95,1.98,117.89,0%,-90%
P3,fingerprint attendance,Attendance / biometric replacement,500,High,95,1.98,117.89,0%,-90%
P3,attendance with fingerprint,Attendance / biometric replacement,500,High,95,1.98,117.89,0%,-90%
P3,finger attendance,Attendance / biometric replacement,500,High,95,1.98,117.89,0%,-90%
P3,fingerprint scanner for attendance,Attendance / biometric replacement,500,High,90,2.06,117.84,0%,0%
P3,thumb scanner for attendance,Attendance / biometric replacement,500,High,90,2.06,117.84,0%,0%
P3,finger scanner for attendance,Attendance / biometric replacement,500,High,90,2.06,117.84,0%,0%
P3,face recognition attendance machine,Attendance / biometric replacement,500,High,100,11.30,115.62,0%,0%
P3,attendance machine face recognition,Attendance / biometric replacement,500,High,100,11.30,115.62,0%,0%
P3,facial recognition attendance machine,Attendance / biometric replacement,500,High,100,11.30,115.62,0%,0%
P3,face recognition biometric device,Attendance / biometric replacement,500,High,89,8.20,114.51,900%,0%
P3,matrix biometric device,Attendance / biometric replacement,500,High,73,16.11,111.08,0%,0%
P3,matrix biometric machine,Attendance / biometric replacement,500,High,73,16.11,111.08,0%,0%
P3,zk face recognition,Other,500,High,94,10.61,110.69,900%,0%
P3,online biometric attendance,Attendance / biometric replacement,500,Medium,43,23.48,106.78,0%,0%
P3,matrix attendance machine,Attendance / biometric replacement,500,Medium,52,15.44,102.19,0%,0%
P3,hikvision face attendance machine,Attendance / biometric replacement,500,High,96,1.58,96.33,0%,0%
P3,face scan attendance machine,Attendance / biometric replacement,500,High,98,4.79,95.56,900%,0%
P3,face biometric machine,Attendance / biometric replacement,500,High,94,1.91,94.77,0%,0%
P3,realtime c101,Other,500,High,83,1.31,92.22,900%,0%
P3,fingerprint punching machine,Attendance / biometric replacement,500,High,94,1.22,89.13,0%,0%
P3,biometric punching machine,Attendance / biometric replacement,500,High,74,1.78,88.24,0%,0%
P3,aiface mars,Other,500,Medium,50,1.10,84.96,0%,0%
P3,ai surveillance camera,AI CCTV / video analytics,500,Medium,54,5.26,84.95,0%,900%
P3,attendance biometric machine price,Attendance / biometric replacement,500,High,86,1.25,84.57,900%,0%
P3,biometric face attendance machine,Attendance / biometric replacement,500,High,99,6.37,83.93,0%,0%
P3,thumb attendance machine,Attendance / biometric replacement,500,High,93,1.68,82.76,0%,0%
P3,thumb machine for attendance,Attendance / biometric replacement,500,High,96,1.49,82.03,0%,0%
P3,essl attendance,Attendance / biometric replacement,500,Medium,53,4.63,81.99,0%,900%
P3,punching machine for attendance price,Attendance / biometric replacement,500,High,90,1.41,79.41,0%,0%
P3,zkteco attendance machine,Attendance / biometric replacement,500,High,83,3.46,79.37,0%,0%
P3,card punching machine for attendance,Attendance / biometric replacement,500,High,89,1.28,79.07,0%,0%
P3,attendance machine price,Attendance / biometric replacement,500,High,97,1.36,78.99,0%,0%
P3,fingerprint attendance machine price,Attendance / biometric replacement,500,High,93,1.17,74.95,0%,0%
P3,finger attendance machine price,Attendance / biometric replacement,500,High,93,1.17,74.95,0%,0%
P3,real time biometric attendance machine,Attendance / biometric replacement,500,High,97,1.90,74.06,900%,900%
P3,essl security at fingertips,Attendance / biometric replacement,500,Medium,58,4.24,72.65,0%,0%
P3,realtime attendance machine,Attendance / biometric replacement,500,High,84,2.05,71.90,0%,0%
P3,biomax attendance machine,Attendance / biometric replacement,500,High,96,1.86,71.85,0%,0%
P3,biometric attendance price,Attendance / biometric replacement,500,High,91,0.97,71.74,0%,0%
P3,biometric punching machine price,Attendance / biometric replacement,500,High,86,0.81,68.01,0%,0%
P3,biometric attendance device price,Attendance / biometric replacement,500,High,96,0.89,67.01,900%,0%
P3,realtime biometric price,Attendance / biometric replacement,500,High,86,0.75,65.88,0%,0%
P3,essl face recognition,Attendance / biometric replacement,500,High,100,3.43,65.67,0%,0%
P3,thumb attendance machine price,Attendance / biometric replacement,500,High,91,1.08,60.08,0%,0%
P3,attendance thumb machine price,Attendance / biometric replacement,500,High,91,1.08,60.08,0%,0%
P3,ai cctv,AI CCTV / video analytics,500,Medium,66,3.32,58.96,0%,0%
P3,artificial intelligence cctv,AI CCTV / video analytics,500,Medium,66,3.32,58.96,0%,0%
P3,essl attendance machine,Attendance / biometric replacement,500,High,93,1.21,57.99,900%,900%
P3,real time biometric machine,Attendance / biometric replacement,500,High,69,1.21,56.44,900%,900%
P3,cost of biometric attendance machine,Attendance / biometric replacement,500,High,92,1.05,56.29,0%,0%
P3,face attendance machine price,Attendance / biometric replacement,500,High,94,1.31,53.09,0%,0%
P3,ai camera cctv,AI CCTV / video analytics,500,High,84,1.64,52.68,0%,0%
P3,digital attendance machine,Attendance / biometric replacement,500,High,95,1.05,51.84,0%,0%
P3,ai based cctv camera,AI CCTV / video analytics,500,High,72,2.52,48.65,0%,0%
P3,essl ai face mars,Attendance / biometric replacement,500,High,83,1.66,48.39,0%,0%
P3,mantra attendance machine,Attendance / biometric replacement,500,High,89,1.31,47.35,0%,0%
P3,fingerprint biometric machine,Attendance / biometric replacement,500,High,93,0.78,45.34,0%,0%
P3,real time biometric machine price,Attendance / biometric replacement,500,High,94,0.64,44.63,0%,0%
P3,biomax biometric,Attendance / biometric replacement,500,High,89,1.23,44.09,900%,900%
P3,biometric thumb machine,Attendance / biometric replacement,500,High,89,0.70,44.04,0%,0%
P3,home camera installers near me,CCTV install / service (local),500,Medium,49,6.04,43.95,0%,0%
P3,best biometric device,Attendance / biometric replacement,500,High,90,0.79,42.49,0%,0%
P3,realtime t304f,Other,500,High,91,1.10,40.47,0%,0%
P3,zkteco biometric device,Attendance / biometric replacement,500,High,78,2.39,40.20,0%,0%
P3,zkteco biometric devices,Attendance / biometric replacement,500,High,78,2.39,40.20,0%,0%
P3,essl finger print,Attendance / biometric replacement,500,High,97,1.34,40.04,900%,0%
P3,secureye biometric machine,Attendance / biometric replacement,500,High,90,1.19,36.34,0%,0%
P3,essl biometric face recognition,Attendance / biometric replacement,500,High,100,1.18,35.40,0%,0%
P3,essl face biometric,Attendance / biometric replacement,500,High,100,1.12,34.29,0%,0%
P3,essl face attendance machine,Attendance / biometric replacement,500,High,100,1.05,31.37,0%,-90%
P3,ai security camera,AI CCTV / video analytics,500,High,75,1.69,28.81,0%,0%
P3,ai security cameras,AI CCTV / video analytics,500,High,75,1.69,28.81,0%,0%
P3,surveillance camera ai,AI CCTV / video analytics,500,High,75,1.69,28.81,0%,0%
P3,essl biometric face and fingerprint device,Attendance / biometric replacement,500,High,100,1.04,28.47,0%,0%
P3,essl biometric attendance machine,Attendance / biometric replacement,500,High,100,1.47,27.16,0%,0%
P3,essl biometric price,Attendance / biometric replacement,500,High,97,0.55,24.15,0%,0%
P3,essl biometric machine price,Attendance / biometric replacement,500,High,91,0.61,21.62,0%,0%
P3,essl punching machine,Attendance / biometric replacement,500,High,91,0.98,20.63,0%,0%
P3,essl device,Attendance / biometric replacement,500,High,73,1.54,20.11,0%,0%
P3,essl f22,Attendance / biometric replacement,500,High,75,1.12,16.19,900%,0%
P3,essl f22 biometric,Attendance / biometric replacement,500,High,88,0.99,14.86,0%,900%
P3,essl fingerprint machine,Attendance / biometric replacement,500,High,100,1.00,14.31,0%,0%
P3,thumb machine price,Price / buying,500,High,92,0.50,13.73,0%,0%
P3,essl mb160,Attendance / biometric replacement,500,High,80,1.21,13.18,900%,0%
P3,secureye attendance machine,Attendance / biometric replacement,500,High,92,1.02,13.07,0%,0%
P3,secureye biometric attendance machine,Attendance / biometric replacement,500,High,92,1.02,13.07,0%,0%
P3,ai face mars essl,Attendance / biometric replacement,500,High,81,0.81,12.64,0%,0%
P3,ai cctv camera price,AI CCTV / video analytics,500,High,94,0.70,12.40,0%,0%
P3,mb 160 essl,Attendance / biometric replacement,500,High,86,0.65,12.20,0%,900%
P3,essl mb 160,Attendance / biometric replacement,500,High,81,0.82,10.39,0%,0%
P3,essl k30 pro,Attendance / biometric replacement,500,High,84,1.08,10.09,0%,0%
P3,essl biometric x990,Attendance / biometric replacement,500,High,79,1.23,9.56,0%,900%
P3,essl x990 biometric,Attendance / biometric replacement,500,High,79,1.23,9.56,0%,900%
P3,essl uface302,Attendance / biometric replacement,500,High,70,1.18,9.30,0%,0%
P3,aadhaar based biometric attendance machine,Attendance / biometric replacement,500,High,93,0.88,8.98,900%,0%
P3,k30 pro essl,Attendance / biometric replacement,500,High,79,0.99,8.12,0%,0%
P3,essl k90 pro,Attendance / biometric replacement,500,High,73,0.99,7.18,0%,0%
P3,essl aiface mars price,Attendance / biometric replacement,500,High,96,0.95,6.90,0%,-90%
P3,k90 pro essl,Attendance / biometric replacement,500,Medium,50,0.79,6.76,0%,0%
P3,mb 20 essl,Attendance / biometric replacement,500,Medium,65,0.60,6.26,0%,0%
P3,secureye fb3k,Other,500,High,71,0.85,6.05,0%,-90%
P3,essl mb160 price,Attendance / biometric replacement,500,High,98,0.70,5.81,0%,0%
P3,f22 essl,Attendance / biometric replacement,500,High,70,0.74,5.80,0%,0%
P3,realtime t304f mini,Other,500,High,84,0.72,5.48,0%,0%
P3,essl f18,Attendance / biometric replacement,500,Medium,58,1.04,5.13,0%,0%
P3,essl f22 price,Attendance / biometric replacement,500,High,93,0.56,4.76,0%,0%
P3,mb160 essl,Attendance / biometric replacement,500,High,75,0.83,4.57,0%,0%
P3,essl mb 20 price,Attendance / biometric replacement,500,High,96,0.63,4.12,0%,0%
P3,k21 essl,Attendance / biometric replacement,500,Medium,57,0.89,3.99,0%,0%
P3,k90 biometric,Attendance / biometric replacement,500,Medium,63,0.80,3.57,0%,900%
P3,essl k30 pro price,Attendance / biometric replacement,500,High,95,0.69,3.30,0%,0%
P3,essl k30 price,Attendance / biometric replacement,500,High,90,0.73,3.19,0%,0%
P3,secureye biometric price,Attendance / biometric replacement,500,High,92,0.49,3.18,0%,0%
P3,mb160 essl price,Attendance / biometric replacement,500,High,90,0.62,2.81,900%,0%
P3,k 90 essl,Attendance / biometric replacement,500,Medium,45,0.59,2.42,0%,0%
P3,essl mb 160 price,Attendance / biometric replacement,500,High,92,0.51,2.16,900%,0%
P3,rfid biometric attendance system,Attendance / biometric replacement,500,Medium,65,0.00,0.00,0%,0%
P4,staff biometric attendance,Attendance / biometric replacement,50,High,75,81.41,1941.72,0%,0%
P4,biometric office attendance system,Attendance / biometric replacement,50,High,87,27.89,579.66,0%,0%
P4,odoo biometric attendance,Attendance / biometric replacement,50,Low,16,74.00,555.76,0%,0%
P4,biometric payroll,Attendance / biometric replacement,50,High,76,63.79,534.70,0%,∞
P4,biometric payroll system,Attendance / biometric replacement,50,High,85,88.64,478.07,0%,0%
P4,security cameras for warehouse,Vertical: factory/warehouse/industry,50,Medium,64,4.13,474.04,0%,0%
P4,cctv camera for warehouse,Vertical: factory/warehouse/industry,50,Medium,64,4.13,474.04,0%,0%
P4,warehouse video surveillance,Vertical: factory/warehouse/industry,50,Medium,64,4.13,474.04,0%,0%
P4,face reader attendance system,Attendance / biometric replacement,50,High,88,56.25,457.45,0%,0%
P4,biometric attendance and payroll management system,Attendance / biometric replacement,50,High,79,83.13,399.57,0%,0%
P4,essl biometric k30 price,Attendance / biometric replacement,50,High,86,0.74,395.64,0%,0%
P4,attendance through face recognition,Attendance / biometric replacement,50,Medium,51,76.45,364.07,0%,0%
P4,hr biometric attendance,Attendance / biometric replacement,50,Low,22,41.66,357.75,0%,0%
P4,biometric attendance system cloud,Attendance / biometric replacement,50,High,78,51.66,356.45,0%,0%
P4,biometric attendance system face recognition,Attendance / biometric replacement,50,High,100,61.64,341.99,0%,0%
P4,kent face recognition attendance system,Attendance / biometric replacement,50,High,100,69.62,341.96,∞,0%
P4,payroll biometric attendance,Attendance / biometric replacement,50,High,90,68.15,331.93,0%,0%
P4,biometric attendance solution,Attendance / biometric replacement,50,Low,30,74.39,330.65,0%,0%
P4,biometric attendance system for office,Attendance / biometric replacement,50,Medium,50,80.51,326.39,0%,0%
P4,wifi biometric attendance system,Attendance / biometric replacement,50,High,97,48.37,306.60,0%,0%
P4,essl time attendance machine,Attendance / biometric replacement,50,High,100,1.08,301.27,0%,0%
P4,attendance management machine,Attendance / biometric replacement,50,High,96,33.33,300.35,0%,0%
P4,video analytics software for cctv,AI CCTV / video analytics,50,Medium,54,49.69,300.17,0%,0%
P4,biometric time attendance,Attendance / biometric replacement,50,Medium,59,69.17,297.78,0%,0%
P4,biometric time and attendance,Attendance / biometric replacement,50,Medium,59,69.17,297.78,0%,0%
P4,biometric time & attendance,Attendance / biometric replacement,50,Medium,59,69.17,297.78,0%,0%
P4,attendance clock machine,Attendance / biometric replacement,50,Medium,44,78.28,293.76,0%,0%
P4,clock attendance machine,Attendance / biometric replacement,50,Medium,44,78.28,293.76,0%,0%
P4,biometric payroll management system,Attendance / biometric replacement,50,High,80,73.34,292.85,0%,0%
P4,matrix attendance system,Attendance / biometric replacement,50,Medium,37,30.53,292.40,0%,0%
P4,face and finger time attendance system,Attendance / biometric replacement,50,High,100,33.41,285.44,0%,0%
P4,biometric attendance tracker,Attendance / biometric replacement,50,High,86,29.74,277.43,0%,0%
P4,biometric attendance system with payroll,Attendance / biometric replacement,50,High,97,103.98,276.15,0%,0%
P4,thumb print machine,Other,50,Medium,51,1.54,274.77,0%,0%
P4,facial recognition for attendance,Attendance / biometric replacement,50,Low,15,65.05,273.63,900%,900%
P4,biometric attendance for employees,Attendance / biometric replacement,50,High,90,60.11,269.69,0%,0%
P4,biometrics for attendance monitoring,Attendance / biometric replacement,50,High,81,106.22,267.21,0%,0%
P4,cloud based biometric attendance system,Attendance / biometric replacement,50,High,81,66.95,266.38,0%,0%
P4,attendance face recognition system,Attendance / biometric replacement,50,High,99,38.33,263.70,0%,0%
P4,face recognition attendance software,Attendance / biometric replacement,50,Medium,41,75.99,259.29,0%,0%
P4,facial recognition attendance software,Attendance / biometric replacement,50,Medium,41,75.99,259.29,0%,0%
P4,biometric based attendance system,Attendance / biometric replacement,50,High,75,79.71,254.96,0%,0%
P4,biometric in and out system,Attendance / biometric replacement,50,High,69,74.86,253.72,0%,0%
P4,facial recognition time and attendance system,Attendance / biometric replacement,50,Medium,64,55.92,247.85,0%,0%
P4,truein face attendance,Attendance / biometric replacement,50,Medium,49,49.93,243.26,0%,0%
P4,best face recognition attendance system,Attendance / biometric replacement,50,High,100,54.92,242.63,0%,0%
P4,attendance system with face recognition,Attendance / biometric replacement,50,Medium,59,62.32,238.81,0%,0%
P4,matrix biometric attendance machine,Attendance / biometric replacement,50,Medium,46,16.94,234.38,0%,0%
P4,biometric attendance and access control system,Attendance / biometric replacement,50,High,77,38.57,228.08,0%,0%
P4,cloud biometric attendance system,Attendance / biometric replacement,50,High,73,46.18,226.53,0%,0%
P4,face attendance software,Attendance / biometric replacement,50,Medium,51,29.88,225.78,0%,0%
P4,matrix biometric machine price,Attendance / biometric replacement,50,Medium,54,2.89,222.76,0%,0%
P4,biometric employee attendance system,Attendance / biometric replacement,50,High,96,22.56,221.88,0%,0%
P4,essl time attendance,Attendance / biometric replacement,50,Medium,50,45.42,215.65,0%,0%
P4,face recognition attendance device,Attendance / biometric replacement,50,High,97,33.14,215.53,0%,0%
P4,simple biometric attendance system,Attendance / biometric replacement,50,High,88,30.79,214.43,0%,0%
P4,mobile face recognition attendance system,Attendance / biometric replacement,50,High,71,43.52,214.09,0%,0%
P4,attendance management system face recognition,Attendance / biometric replacement,50,High,83,47.42,205.48,0%,0%
P4,face id attendance,Attendance / biometric replacement,50,High,86,35.72,203.43,0%,0%
P4,biometric device for office,Attendance / biometric replacement,50,High,83,16.66,203.32,0%,0%
P4,video analytics platform,AI CCTV / video analytics,50,Low,8,10.09,195.35,0%,0%
P4,saviour attendance system,Attendance / biometric replacement,50,Low,25,40.10,194.50,0%,0%
P4,camera based attendance system,Attendance / biometric replacement,50,Medium,60,38.27,191.77,0%,0%
P4,face recognition camera attendance system,Attendance / biometric replacement,50,High,89,17.54,189.56,0%,0%
P4,biometric time tracking,Attendance / biometric replacement,50,Medium,45,40.90,187.73,0%,0%
P4,attendance management system using face recognition,Attendance / biometric replacement,50,Low,33,49.95,187.48,0%,0%
P4,matrix time and attendance,Attendance / biometric replacement,50,Medium,38,20.39,183.04,0%,0%
P4,matrix time attendance,Attendance / biometric replacement,50,Medium,38,20.39,183.04,0%,0%
P4,best biometric machine for attendance,Attendance / biometric replacement,50,High,98,30.32,173.31,0%,0%
P4,ai based attendance system,Attendance / biometric replacement,50,Medium,39,42.54,170.45,0%,0%
P4,ai based face recognition attendance system,Attendance / biometric replacement,50,Low,27,30.79,170.03,0%,0%
P4,cctv video analytics software,AI CCTV / video analytics,50,Medium,58,51.07,169.40,0%,0%
P4,face based attendance,Attendance / biometric replacement,50,High,67,32.29,169.10,0%,0%
P4,face recognition biometric attendance system,Attendance / biometric replacement,50,High,98,21.89,166.29,-90%,-90%
P4,fingerprint employee attendance,Attendance / biometric replacement,50,High,99,11.25,166.17,0%,0%
P4,employee attendance fingerprint,Attendance / biometric replacement,50,High,99,11.25,166.17,0%,0%
P4,fingerprint staff attendance,Attendance / biometric replacement,50,High,99,11.25,166.17,0%,0%
P4,sim based biometric attendance system,Attendance / biometric replacement,50,High,100,34.66,165.18,0%,0%
P4,biometric attendance machine with cloud,Attendance / biometric replacement,50,High,100,36.75,162.84,0%,0%
P4,matrix attendance device,Attendance / biometric replacement,50,High,69,45.74,162.75,0%,0%
P4,biometric attendance system with sim card,Attendance / biometric replacement,50,High,100,2.29,161.00,0%,0%
P4,essl attendance system,Attendance / biometric replacement,50,High,84,2.02,159.98,0%,0%
P4,face recognition machine for attendance,Attendance / biometric replacement,50,High,98,26.63,158.07,0%,0%
P4,attendance reader,Attendance / biometric replacement,50,Medium,62,6.83,158.04,0%,0%
P4,biometric device for office attendance,Attendance / biometric replacement,50,High,91,14.31,157.87,0%,0%
P4,mobile biometric attendance system,Attendance / biometric replacement,50,High,82,33.46,156.48,0%,0%
P4,automatic face recognition attendance system,Attendance / biometric replacement,50,Medium,61,40.59,155.57,0%,0%
P4,biometric face reader attendance system,Attendance / biometric replacement,50,High,100,47.00,153.08,0%,0%
P4,essl face recognition attendance system,Attendance / biometric replacement,50,High,100,2.39,152.89,-90%,0%
P4,biomax face recognition attendance system,Attendance / biometric replacement,50,High,100,2.27,152.61,0%,0%
P4,face time attendance,Attendance / biometric replacement,50,Low,10,46.22,151.58,∞,0%
P4,thumb print attendance,Attendance / biometric replacement,50,Low,31,7.75,151.41,0%,0%
P4,biometric fingerprint attendance,Attendance / biometric replacement,50,High,77,13.07,151.25,0%,0%
P4,biometric punching machine near me,Attendance / biometric replacement,50,Medium,46,7.24,149.64,0%,0%
P4,ai video analytics software,AI CCTV / video analytics,50,Low,26,33.97,148.84,0%,0%
P4,attendance with face recognition,Attendance / biometric replacement,50,High,96,42.99,147.09,0%,0%
P4,attendance machine with wifi,Attendance / biometric replacement,50,High,100,5.28,146.64,0%,0%
P4,biometric attendance cost,Attendance / biometric replacement,50,High,90,2.21,146.16,0%,0%
P4,zoho attendance biometric,Attendance / biometric replacement,50,Low,27,72.73,145.88,0%,0%
P4,best biometric device for attendance,Attendance / biometric replacement,50,High,98,17.12,145.38,0%,0%
P4,best time attendance machine,Attendance / biometric replacement,50,High,100,54.85,144.39,0%,0%
P4,attendance using face recognition,Attendance / biometric replacement,50,Low,20,21.98,143.66,0%,0%
P4,fingerprint face recognition attendance machine,Attendance / biometric replacement,50,High,95,29.21,143.09,0%,0%
P4,attendance punching system,Attendance / biometric replacement,50,High,86,13.84,142.56,0%,0%
P4,iris attendance system,Attendance / biometric replacement,50,Low,24,1.42,142.40,0%,0%
P4,face based attendance system,Attendance / biometric replacement,50,Medium,64,30.49,141.15,0%,-90%
P4,worker attendance machine,Attendance / biometric replacement,50,High,99,3.31,140.94,0%,0%
P4,attendance punching machine suppliers,Attendance / biometric replacement,50,Medium,41,54.62,139.13,0%,0%
P4,best attendance punching machine,Attendance / biometric replacement,50,High,100,7.88,138.57,0%,0%
P4,electronic attendance system,Attendance / biometric replacement,50,Medium,45,24.10,138.49,0%,0%
P4,ai video surveillance,AI CCTV / video analytics,50,Low,18,29.27,136.76,0%,0%
P4,artificial intelligence for video surveillance,AI CCTV / video analytics,50,Low,18,29.27,136.76,0%,0%
P4,artificial intelligence video surveillance,AI CCTV / video analytics,50,Low,18,29.27,136.76,0%,0%
P4,face biometric device,Attendance / biometric replacement,50,High,85,7.50,136.20,0%,0%
P4,face scan attendance,Attendance / biometric replacement,50,High,90,14.46,135.62,0%,0%
P4,cctv camera company near me,CCTV install / service (local),50,Low,24,17.07,134.97,0%,0%
P4,fingerprint sensor for attendance,Attendance / biometric replacement,50,High,74,2.32,134.95,0%,0%
P4,fingerprint scanner attendance system,Attendance / biometric replacement,50,High,98,24.04,134.79,0%,0%
P4,finger scan attendance system,Attendance / biometric replacement,50,High,98,24.04,134.79,0%,0%
P4,thumb scanner attendance system,Attendance / biometric replacement,50,High,98,24.04,134.79,0%,0%
P4,finger punching attendance machine,Attendance / biometric replacement,50,High,87,6.81,134.48,0%,0%
P4,best face biometric device,Attendance / biometric replacement,50,High,100,3.75,134.21,0%,0%
P4,biometric attendance system with door access control,Attendance / biometric replacement,50,High,82,17.13,134.07,0%,0%
P4,employee attendance using face recognition,Attendance / biometric replacement,50,Medium,56,60.32,133.68,0%,0%
P4,cctv analytics software,AI CCTV / video analytics,50,Low,17,61.90,133.54,900%,900%
P4,punching machine biometric,Attendance / biometric replacement,50,High,84,1.40,132.06,0%,0%
P4,web based biometric attendance system,Attendance / biometric replacement,50,Medium,49,56.57,131.17,0%,0%
P4,biometric time attendance machine,Attendance / biometric replacement,50,Medium,43,8.46,130.51,0%,0%
P4,fortuna attendance system,Attendance / biometric replacement,50,Low,10,21.06,129.81,0%,0%
P4,employee attendance biometric,Attendance / biometric replacement,50,Medium,57,61.95,127.78,0%,0%
P4,face detection biometric machine,Attendance / biometric replacement,50,High,100,1.35,127.62,0%,0%
P4,fingerprint device for attendance,Attendance / biometric replacement,50,High,87,1.69,125.80,0%,0%
P4,attendance fingerprint device,Attendance / biometric replacement,50,High,87,1.69,125.80,0%,0%
P4,biometric attendance system near me,Attendance / biometric replacement,50,Medium,46,26.58,125.74,0%,0%
P4,attendance machine wifi,Attendance / biometric replacement,50,High,100,6.27,124.60,0%,0%
P4,face id attendance machine,Attendance / biometric replacement,50,High,100,5.40,122.73,0%,0%
P4,office attendance punching machine,Attendance / biometric replacement,50,High,87,9.54,122.55,0%,0%
P4,biometric machine for office,Attendance / biometric replacement,50,High,79,3.03,121.96,0%,0%
P4,biometric attendance machine with wifi,Attendance / biometric replacement,50,High,89,11.49,121.35,0%,0%
P4,finger touch attendance machine,Attendance / biometric replacement,50,Medium,66,2.11,118.95,0%,0%
P4,fingerprint clocking in machine,Attendance / biometric replacement,50,Medium,58,5.75,118.55,900%,900%
P4,clocking in fingerprint machines,Attendance / biometric replacement,50,Medium,58,5.75,118.55,900%,900%
P4,biometric attendance punching machine,Attendance / biometric replacement,50,High,96,7.64,118.20,0%,0%
P4,mantra biometric attendance device,Attendance / biometric replacement,50,High,90,1.92,117.41,0%,0%
P4,eye attendance machine,Attendance / biometric replacement,50,High,99,1.91,116.10,0%,0%
P4,biometric attendance machine best company,Attendance / biometric replacement,50,High,89,21.46,115.82,0%,0%
P4,secureye biometric device,Attendance / biometric replacement,50,High,83,0.91,115.55,0%,0%
P4,staff attendance biometric machine,Attendance / biometric replacement,50,High,90,13.28,115.40,0%,0%
P4,warehouse fire alarm system,Vertical: factory/warehouse/industry,50,Medium,37,23.17,114.68,0%,0%
P4,attendance punching machine near me,Attendance / biometric replacement,50,Medium,58,6.05,114.42,0%,0%
P4,face recognition attendance system machine,Attendance / biometric replacement,50,High,100,4.51,114.03,0%,0%
P4,best biometric machine,Attendance / biometric replacement,50,High,93,5.57,112.84,0%,0%
P4,biometric fingerprint attendance machine,Attendance / biometric replacement,50,High,80,1.21,112.65,0%,0%
P4,biometric attendance with door lock,Attendance / biometric replacement,50,High,87,6.87,112.24,0%,0%
P4,biometric machine online,Attendance / biometric replacement,50,High,96,2.02,111.90,0%,0%
P4,latest attendance machine,Attendance / biometric replacement,50,High,98,6.51,111.60,0%,0%
P4,ai cctv surveillance,AI CCTV / video analytics,50,Medium,37,31.97,111.32,0%,0%
P4,employee attendance punching machine,Attendance / biometric replacement,50,High,100,25.97,109.97,0%,-90%
P4,best biometric attendance device,Attendance / biometric replacement,50,High,88,7.82,109.81,0%,0%
P4,face detection based attendance system,Attendance / biometric replacement,50,Medium,40,26.93,109.72,0%,0%
P4,mb160 face time & attendance fingerprint,Attendance / biometric replacement,50,High,95,1.01,109.70,0%,0%
P4,attendance recognition,Attendance / biometric replacement,50,Low,20,21.46,109.69,0%,0%
P4,online biometric attendance system,Attendance / biometric replacement,50,Medium,56,20.95,108.17,0%,0%
P4,thumb scanner attendance system price,Attendance / biometric replacement,50,High,98,4.60,107.55,0%,0%
P4,companies that install security cameras,CCTV install / service (local),50,Low,12,8.01,107.05,0%,0%
P4,companies that install surveillance cameras,CCTV install / service (local),50,Low,12,8.01,107.05,0%,0%
P4,cctv camera installation company,CCTV install / service (local),50,Low,12,8.01,107.05,0%,0%
P4,security camera installation contractors,CCTV install / service (local),50,Low,12,8.01,107.05,0%,0%
P4,face id biometric machine,Attendance / biometric replacement,50,High,100,0.78,106.78,0%,0%
P4,biometric attendance system cost,Attendance / biometric replacement,50,High,82,1.44,106.38,0%,0%
P4,face recognition automatic attendance system,Attendance / biometric replacement,50,High,96,45.31,105.87,0%,0%
P4,biometric secureye,Attendance / biometric replacement,50,High,86,0.73,105.74,0%,0%
P4,biometric device attendance,Attendance / biometric replacement,50,High,100,2.42,105.53,0%,0%
P4,labour attendance machine,Attendance / biometric replacement,50,High,97,7.21,105.21,0%,0%
P4,best biometric attendance system,Attendance / biometric replacement,50,High,80,28.96,105.18,0%,0%
P4,finger scanner machine for attendance,Attendance / biometric replacement,50,High,89,1.28,105.15,0%,0%
P4,biometric attendance register,Attendance / biometric replacement,50,Low,28,2.21,105.11,0%,-90%
P4,cloud attendance machine,Attendance / biometric replacement,50,High,96,40.42,104.72,0%,0%
P4,face recognition camera for attendance,Attendance / biometric replacement,50,High,87,20.36,104.63,0%,0%
P4,finger attendance system,Attendance / biometric replacement,50,High,99,2.89,104.15,0%,0%
P4,face recognition attendance system price,Attendance / biometric replacement,50,High,100,6.80,103.74,900%,900%
P4,face attendance device,Attendance / biometric replacement,50,High,90,4.15,103.58,0%,0%
P4,punch biometric attendance,Attendance / biometric replacement,50,Low,10,3.55,103.52,0%,0%
P4,hikvision face recognition attendance,Attendance / biometric replacement,50,High,100,19.46,103.17,0%,0%
P4,cheapest attendance machine,Attendance / biometric replacement,50,High,100,3.03,102.87,0%,0%
P4,attendance machine for small office,Attendance / biometric replacement,50,High,83,3.45,102.50,0%,0%
P4,starlink attendance machine,Attendance / biometric replacement,50,Medium,40,17.26,100.51,0%,0%
P4,starlink biometric machine,Attendance / biometric replacement,50,Low,30,8.54,99.28,0%,0%
P4,ai cctv monitoring,AI CCTV / video analytics,50,Medium,43,15.00,99.01,0%,0%
P4,essl biometric system,Attendance / biometric replacement,50,High,91,7.80,98.15,0%,0%
P4,biometric face attendance machine price,Attendance / biometric replacement,50,High,97,1.53,97.83,0%,0%
P4,best face attendance machine,Attendance / biometric replacement,50,High,100,21.81,97.50,0%,0%
P4,ai security camera system,AI CCTV / video analytics,50,High,70,11.45,97.38,0%,0%
P4,essl ai face pluto,Attendance / biometric replacement,50,Medium,59,8.48,97.33,0%,0%
P4,attendance based on face recognition,Attendance / biometric replacement,50,High,71,24.98,95.37,0%,0%
P4,attendance register machine,Attendance / biometric replacement,50,High,100,2.95,94.34,900%,0%
P4,face reader attendance machine,Attendance / biometric replacement,50,High,98,5.09,94.28,-90%,0%
P4,attendance register biometric,Attendance / biometric replacement,50,High,88,3.11,94.10,0%,0%
P4,top 10 biometric attendance machine,Attendance / biometric replacement,50,High,99,2.71,94.07,0%,0%
P4,biometric attendance system price,Attendance / biometric replacement,50,High,83,1.53,93.98,0%,0%
P4,top biometric attendance machine,Attendance / biometric replacement,50,High,85,16.22,93.73,0%,0%
P4,essl face,Attendance / biometric replacement,50,High,97,0.63,93.61,0%,0%
P4,ai camera surveillance,AI CCTV / video analytics,50,Low,29,14.86,93.13,0%,0%
P4,biometric attendance on mobile,Attendance / biometric replacement,50,High,69,26.88,92.15,0%,0%
P4,attendance machine with door lock,Attendance / biometric replacement,50,High,100,12.81,92.14,0%,0%
P4,face recognition time attendance system,Attendance / biometric replacement,50,Medium,34,27.79,92.12,0%,0%
P4,secureye attendance,Attendance / biometric replacement,50,High,70,2.08,91.51,0%,0%
P4,attendance face machine,Attendance / biometric replacement,50,High,96,2.17,91.18,0%,0%
P4,biomax fingerprint biometric attendance machine,Attendance / biometric replacement,50,High,100,1.09,90.70,0%,0%
P4,face time attendance machine,Attendance / biometric replacement,50,High,100,6.52,90.28,0%,0%
P4,face detection machine for attendance,Attendance / biometric replacement,50,High,98,3.73,90.09,0%,0%
P4,face detection biometric machine price,Attendance / biometric replacement,50,High,100,0.87,89.94,0%,0%
P4,iris scanner attendance system,Attendance / biometric replacement,50,High,98,0.48,89.77,0%,0%
P4,best fingerprint attendance machine,Attendance / biometric replacement,50,High,90,8.01,89.43,0%,0%
P4,matrix face recognition attendance system,Attendance / biometric replacement,50,High,86,28.27,88.81,0%,0%
P4,online attendance machine,Attendance / biometric replacement,50,High,97,2.41,88.70,0%,-90%
P4,biometric attendance through mobile,Attendance / biometric replacement,50,Medium,45,25.39,88.26,0%,0%
P4,online biometric attendance machine,Attendance / biometric replacement,50,High,99,2.51,87.92,0%,0%
P4,punching biometric machine,Attendance / biometric replacement,50,Medium,40,1.74,86.83,0%,0%
P4,attendance machine thumb impression price,Attendance / biometric replacement,50,High,96,1.17,85.18,0%,0%
P4,biometric attendance amazon,Attendance / biometric replacement,50,High,100,3.51,85.15,0%,0%
P4,biometric attendance machine amazon,Attendance / biometric replacement,50,Medium,51,10.87,85.05,0%,0%
P4,bio attendance machine,Attendance / biometric replacement,50,High,97,5.67,84.64,0%,0%
P4,attendance machine amazon,Attendance / biometric replacement,50,Medium,59,3.26,84.47,0%,0%
P4,wireless attendance machine,Attendance / biometric replacement,50,High,87,3.84,84.35,0%,0%
P4,fingerprint time attendance machine,Attendance / biometric replacement,50,High,80,1.78,84.11,0%,0%
P4,fingerprint time and attendance machine,Attendance / biometric replacement,50,High,80,1.78,84.11,0%,0%
P4,attendance machine face detection,Attendance / biometric replacement,50,High,91,29.46,84.09,0%,-90%
P4,face id machine for attendance,Attendance / biometric replacement,50,High,96,1.65,83.87,0%,0%
P4,face detection attendance machine,Attendance / biometric replacement,50,High,100,2.87,83.40,0%,0%
P4,fingerprint time attendance,Attendance / biometric replacement,50,High,73,7.40,82.92,0%,0%
P4,fingerprint time and attendance,Attendance / biometric replacement,50,High,73,7.40,82.92,0%,0%
P4,thumbprint time attendance,Attendance / biometric replacement,50,High,73,7.40,82.92,0%,0%
P4,face recognition biometric machine,Attendance / biometric replacement,50,High,99,3.35,82.56,0%,0%
P4,best fingerprint scanner for attendance,Attendance / biometric replacement,50,High,100,4.73,82.52,0%,0%
P4,thumb machine for office,Vertical: retail/shop/office/school,50,High,90,1.28,81.22,0%,0%
P4,student attendance machine,Attendance / biometric replacement,50,High,93,1.52,80.81,0%,0%
P4,attendance finger,Attendance / biometric replacement,50,High,100,1.19,79.16,0%,0%
P4,face recognition attendance management system,Attendance / biometric replacement,50,Medium,43,41.51,79.15,0%,0%
P4,biometric fingerprint scanner for attendance,Attendance / biometric replacement,50,High,83,3.08,79.08,0%,0%
P4,face reading attendance machine price,Attendance / biometric replacement,50,High,100,3.86,78.99,0%,0%
P4,portable attendance machine,Attendance / biometric replacement,50,High,97,3.14,78.70,0%,0%
P4,finger access machine,Other,50,High,100,2.10,77.94,∞,0%
P4,face reader biometric attendance machine,Attendance / biometric replacement,50,High,94,3.36,77.68,0%,0%
P4,daily attendance machine,Attendance / biometric replacement,50,High,99,2.88,77.56,0%,0%
P4,cctv factory,Vertical: factory/warehouse/industry,50,Low,28,5.66,77.50,0%,0%
P4,factory cctv,Vertical: factory/warehouse/industry,50,Low,28,5.66,77.50,0%,0%
P4,wifi attendance machine,Attendance / biometric replacement,50,High,100,3.96,77.47,0%,0%
P4,card attendance machine,Attendance / biometric replacement,50,High,81,1.60,76.76,900%,0%
P4,wifi biometric device,Attendance / biometric replacement,50,High,89,1.90,76.66,0%,0%
P4,secure biometric machine,Attendance / biometric replacement,50,High,84,0.51,76.58,0%,-90%
P4,time biometric attendance machine,Attendance / biometric replacement,50,High,88,1.83,76.27,0%,0%
P4,time office attendance machine,Attendance / biometric replacement,50,High,86,1.44,75.72,900%,0%
P4,thumb attendance,Attendance / biometric replacement,50,High,89,3.17,75.24,0%,0%
P4,security camera for factory,Vertical: factory/warehouse/industry,50,High,77,4.38,74.20,0%,0%
P4,security camera factory,Vertical: factory/warehouse/industry,50,High,77,4.38,74.20,0%,0%
P4,fingerprint attendance machine near me,Attendance / biometric replacement,50,Medium,61,5.85,73.16,0%,0%
P4,time office biometric machine,Attendance / biometric replacement,50,High,90,3.20,72.19,0%,0%
P4,biometric scanner for attendance,Attendance / biometric replacement,50,High,91,2.02,72.06,0%,0%
P4,ai for cctv,AI CCTV / video analytics,50,Low,31,23.44,71.96,0%,0%
P4,zkteco time attendance,Attendance / biometric replacement,50,Medium,62,13.07,71.82,0%,0%
P4,cheapest biometric attendance machine,Attendance / biometric replacement,50,High,90,2.62,71.23,0%,0%
P4,attendance device price,Attendance / biometric replacement,50,High,95,1.19,71.02,0%,0%
P4,punch in biometric machine,Attendance / biometric replacement,50,Medium,54,2.50,70.75,0%,0%
P4,best biometric attendance,Attendance / biometric replacement,50,Medium,63,7.42,70.46,0%,0%
P4,biometric punching system,Attendance / biometric replacement,50,Low,29,7.09,69.56,0%,0%
P4,real time attendance machine price,Attendance / biometric replacement,50,High,100,1.15,69.25,0%,0%
P4,rfid attendance machine,Attendance / biometric replacement,50,High,89,2.30,68.77,900%,900%
P4,attendance entry machine,Attendance / biometric replacement,50,High,83,23.18,68.75,∞,0%
P4,matrix fingerprint attendance machine,Attendance / biometric replacement,50,High,78,6.44,68.61,0%,0%
P4,thumb impression attendance machine,Attendance / biometric replacement,50,High,91,1.78,68.38,900%,0%
P4,ai powered cctv,AI CCTV / video analytics,50,Low,14,11.45,68.09,0%,0%
P4,smart office biometric attendance,Attendance / biometric replacement,50,Low,15,24.45,67.05,0%,0%
P4,biometric attendance for students,Attendance / biometric replacement,50,Medium,63,2.52,66.59,0%,0%
P4,ai powered security camera,AI CCTV / video analytics,50,Low,21,2.27,65.96,0%,0%
P4,biometric device for attendance price,Attendance / biometric replacement,50,High,85,0.85,65.41,0%,0%
P4,office thumb machine,Vertical: retail/shop/office/school,50,High,87,1.93,65.37,0%,0%
P4,portable biometric device,Attendance / biometric replacement,50,High,79,1.82,64.97,0%,0%
P4,face recognition punching machine,Attendance / biometric replacement,50,High,86,2.44,64.84,0%,0%
P4,biometric machine with door lock,Attendance / biometric replacement,50,High,93,5.73,64.54,0%,0%
P4,attendance thumbprint machine,Attendance / biometric replacement,50,High,78,2.15,64.18,0%,0%
P4,biometric device face recognition,Attendance / biometric replacement,50,High,93,3.50,63.26,0%,0%
P4,biometric machine face reading,Attendance / biometric replacement,50,High,100,2.38,63.15,0%,0%
P4,face reading biometric machine,Attendance / biometric replacement,50,High,100,2.38,63.15,0%,0%
P4,pagarbook biometric device,Attendance / biometric replacement,50,Medium,62,20.56,62.52,0%,0%
P4,identix attendance machine,Attendance / biometric replacement,50,Medium,61,2.23,62.08,0%,0%
P4,office fingerprint attendance,Attendance / biometric replacement,50,High,86,1.65,61.00,0%,0%
P4,gsm based biometric attendance system,Attendance / biometric replacement,50,Medium,57,28.25,60.97,0%,0%
P4,time access biometric,Attendance / biometric replacement,50,Medium,37,7.90,60.78,0%,0%
P4,portable biometric attendance machine,Attendance / biometric replacement,50,High,100,2.13,60.37,0%,0%
P4,realtime rs 9w,Other,50,High,88,0.81,60.37,0%,0%
P4,security camera installation service near me,CCTV install / service (local),50,Low,29,7.46,59.89,0%,0%
P4,biomax biometric price,Attendance / biometric replacement,50,High,100,1.09,59.81,-90%,0%
P4,face detection punching machine,Attendance / biometric replacement,50,High,100,6.27,59.79,0%,0%
P4,biomax face attendance machine,Attendance / biometric replacement,50,High,100,0.64,58.80,-90%,-90%
P4,biometric device essl,Attendance / biometric replacement,50,High,100,1.08,58.62,0%,0%
P4,secure i attendance machine,Attendance / biometric replacement,50,High,82,2.04,58.44,0%,0%
P4,best cctv camera for factory,Vertical: factory/warehouse/industry,50,High,97,4.18,58.19,0%,0%
P4,thumb impression attendance,Attendance / biometric replacement,50,Low,33,0.97,57.88,0%,0%
P4,retina scan attendance machine price,Attendance / biometric replacement,50,Medium,47,39.71,57.15,0%,0%
P4,fingerprint staff time attendance system,Attendance / biometric replacement,50,High,93,5.17,57.04,0%,0%
P4,attendance machine cost,Attendance / biometric replacement,50,Medium,60,2.41,57.03,0%,0%
P4,secureye biometric face recognition,Attendance / biometric replacement,50,High,100,1.27,56.45,0%,0%
P4,biometric thumb impression machine,Attendance / biometric replacement,50,High,89,0.79,54.34,0%,0%
P4,cctv with ai,AI CCTV / video analytics,50,High,72,2.22,54.24,0%,0%
P4,electronic attendance machine,Attendance / biometric replacement,50,High,95,1.13,53.55,900%,900%
P4,latest biometric attendance machine,Attendance / biometric replacement,50,High,98,3.39,53.27,0%,0%
P4,digital attendance system price,Attendance / biometric replacement,50,Medium,57,2.31,53.22,0%,0%
P4,secureye biometric machine price,Attendance / biometric replacement,50,High,92,0.70,53.14,0%,0%
P4,electronic attendance register,Attendance / biometric replacement,50,Medium,43,2.68,52.77,0%,0%
P4,best cctv camera installation,CCTV install / service (local),50,Medium,41,1.21,51.64,0%,0%
P4,biomax biometric device,Attendance / biometric replacement,50,High,98,1.99,51.64,0%,0%
P4,student biometric attendance system,Attendance / biometric replacement,50,Medium,44,3.05,51.32,0%,-90%
P4,cctv analysis software,Other,50,Medium,57,10.84,50.20,0%,0%
P4,camera analytics,AI CCTV / video analytics,50,Low,7,13.37,49.93,0%,0%
P4,aadhaar based attendance machine,Attendance / biometric replacement,50,High,92,1.95,48.10,0%,0%
P4,attendance punching machine cost,Attendance / biometric replacement,50,High,93,1.07,46.94,0%,0%
P4,attendance biometric device price,Attendance / biometric replacement,50,High,100,0.65,46.50,0%,0%
P4,essl face recognition machine,Attendance / biometric replacement,50,High,100,2.34,45.62,0%,0%
P4,cctv ai camera,AI CCTV / video analytics,50,High,90,1.33,45.28,0%,0%
P4,essl security fingerprint,Attendance / biometric replacement,50,High,100,1.77,45.21,0%,-90%
P4,aadhaar enabled biometric attendance device,Attendance / biometric replacement,50,High,100,4.24,44.93,0%,0%
P4,cctv camera with ai,AI CCTV / video analytics,50,High,88,5.35,44.13,0%,0%
P4,matrix thumb machine,Other,50,High,73,4.16,44.02,0%,0%
P4,wireless biometric device,Attendance / biometric replacement,50,High,96,1.17,41.10,0%,-90%
P4,essl face recognition attendance machine price,Attendance / biometric replacement,50,High,100,1.65,40.94,0%,-90%
P4,essl k30 pro biometric attendance machine,Attendance / biometric replacement,50,High,91,1.32,40.40,0%,0%
P4,time office face attendance device,Attendance / biometric replacement,50,High,100,9.91,40.29,0%,0%
P4,mantra face attendance machine,Attendance / biometric replacement,50,High,100,2.93,40.23,0%,0%
P4,face fingerprint attendance machine,Attendance / biometric replacement,50,High,100,2.83,40.01,0%,0%
P4,essl face reader,Attendance / biometric replacement,50,High,100,0.74,39.91,0%,0%
P4,biomax attendance,Attendance / biometric replacement,50,High,95,1.53,38.84,0%,0%
P4,home security camera system installers near me,CCTV install / service (local),50,Medium,41,7.97,38.30,0%,0%
P4,cctv contractors near me,CCTV install / service (local),50,Medium,53,6.63,37.73,0%,0%
P4,essl biometric lock,Attendance / biometric replacement,50,High,100,2.12,37.49,0%,0%
P4,biomax biometric machine,Attendance / biometric replacement,50,High,100,0.91,36.90,900%,900%
P4,mantra biometric attendance machine,Attendance / biometric replacement,50,High,86,1.20,36.59,900%,900%
P4,home security cameras installation near me,CCTV install / service (local),50,Medium,45,5.56,35.75,0%,0%
P4,best biometric attendance machine price,Attendance / biometric replacement,50,High,99,1.59,35.67,0%,0%
P4,good biometric attendance machine,Attendance / biometric replacement,50,High,93,2.33,35.42,0%,0%
P4,cctv camera for factory,Vertical: factory/warehouse/industry,50,High,92,2.38,35.29,900%,900%
P4,cctv camera factory,Vertical: factory/warehouse/industry,50,High,92,2.38,35.29,900%,900%
P4,biometric attendance machine wifi,Attendance / biometric replacement,50,High,100,2.08,34.99,0%,0%
P4,realtime face biometric,Attendance / biometric replacement,50,High,100,1.51,34.75,0%,0%
P4,essl biometric k30,Attendance / biometric replacement,50,High,95,2.18,34.58,0%,0%
P4,essl attendance machine price,Attendance / biometric replacement,50,High,100,0.69,34.24,900%,0%
P4,ai ip camera,AI CCTV / video analytics,50,High,86,1.05,34.02,0%,0%
P4,ip camera ai,AI CCTV / video analytics,50,High,89,1.04,33.64,0%,0%
P4,essl identix,Attendance / biometric replacement,50,High,70,2.01,33.11,0%,0%
P4,mantra bioface msd1k,Other,50,Medium,56,0.94,32.66,0%,0%
P4,cctv camera ai,AI CCTV / video analytics,50,High,86,1.50,30.52,0%,0%
P4,artificial intelligence cctv camera hikvision,AI CCTV / video analytics,50,High,81,0.75,30.20,0%,-90%
P4,hikvision cctv installation,CCTV install / service (local),50,Low,24,5.36,29.50,0%,0%
P4,real time fingerprint machine,Attendance / biometric replacement,50,High,97,1.17,29.03,0%,0%
P4,essl fingerprint reader,Attendance / biometric replacement,50,High,93,1.41,28.71,0%,-90%
P4,essl fingerprint scanner,Attendance / biometric replacement,50,High,93,1.41,28.71,0%,-90%
P4,biometric attendance essl,Attendance / biometric replacement,50,High,93,1.35,28.15,900%,900%
P4,realtime c101 attendance machine,Attendance / biometric replacement,50,High,96,1.34,27.96,0%,0%
P4,urban clap cctv installation,CCTV install / service (local),50,Low,26,4.21,27.43,0%,0%
P4,essl k30 wifi,Attendance / biometric replacement,50,High,73,2.77,26.98,0%,0%
P4,camera installation companies near me,CCTV install / service (local),50,Medium,41,2.88,26.49,0%,0%
P4,fortuna biometric machine price,Attendance / biometric replacement,50,Low,16,0.61,25.55,0%,0%
P4,fingerprint punching machine price,Attendance / biometric replacement,50,High,80,0.49,24.81,0%,0%
P4,essl biometric door lock,Attendance / biometric replacement,50,High,95,1.66,23.91,0%,0%
P4,essl security at fingertips price,Attendance / biometric replacement,50,High,82,0.51,22.47,0%,0%
P4,essl k30 biometric machine,Attendance / biometric replacement,50,High,94,1.22,22.04,0%,0%
P4,security cameras with ai,AI CCTV / video analytics,50,Medium,54,3.14,21.80,0%,0%
P4,essl mb160 id,Attendance / biometric replacement,50,Medium,61,0.83,19.93,0%,0%
P4,secureye s fb3k,Other,50,Medium,55,0.90,18.82,0%,0%
P4,essl biometric machine with face detection,Attendance / biometric replacement,50,High,100,1.06,18.53,0%,0%
P4,home security camera service near me,CCTV install / service (local),50,Low,27,6.34,18.49,0%,0%
P4,essl k30 id,Attendance / biometric replacement,50,High,80,0.98,17.79,0%,0%
P4,essl x990 biometric machine,Attendance / biometric replacement,50,High,89,1.25,17.57,0%,0%
P4,thumb punching attendance machine price,Attendance / biometric replacement,50,High,94,1.38,17.48,0%,0%
P4,essl machine price,Attendance / biometric replacement,50,High,71,0.49,16.82,0%,0%
P4,best cctv camera for godown,Vertical: factory/warehouse/industry,50,High,98,0.93,16.39,0%,0%
P4,essl face machine,Attendance / biometric replacement,50,High,100,0.70,14.84,900%,900%
P4,essl face attendance machine price,Attendance / biometric replacement,50,High,100,1.33,14.80,-90%,0%
P4,home security camera installation service near me,CCTV install / service (local),50,Low,32,5.99,14.28,0%,0%
P4,essl fingerprint attendance machine,Attendance / biometric replacement,50,High,94,1.03,13.35,0%,0%
P4,essl biometric machine with wifi,Attendance / biometric replacement,50,High,100,2.27,12.41,0%,0%
P4,best ai cctv camera,AI CCTV / video analytics,50,High,96,1.17,12.40,0%,0%
P4,biometric thumb machine price,Attendance / biometric replacement,50,High,95,0.51,12.40,900%,0%
P4,essl k21 pro price,Attendance / biometric replacement,50,High,84,0.97,11.11,0%,0%
P4,biomax n bm70w pro,Other,50,High,88,1.92,9.44,0%,0%
P4,essl biometric with face detection,Attendance / biometric replacement,50,High,100,0.93,9.19,0%,0%
P4,cctv camera shop in ludhiana,CCTV install / service (local),50,Low,19,5.70,8.68,0%,-90%
P4,cctv camera price ludhiana,Price / buying,50,High,96,0.37,7.83,0%,0%
P4,essl wifi biometric,Attendance / biometric replacement,50,High,100,0.89,7.39,0%,0%
P4,biometric attendance machine essl,Attendance / biometric replacement,50,High,98,1.64,7.27,0%,0%
P4,essl k21 pro,Attendance / biometric replacement,50,High,72,1.10,7.05,900%,900%
P4,essl biometric device price,Attendance / biometric replacement,50,High,84,1.19,6.85,0%,0%
P4,mb20 essl price,Attendance / biometric replacement,50,High,90,0.69,6.46,900%,0%
P4,essl silkbio 101tc price,Attendance / biometric replacement,50,High,77,0.84,5.89,0%,0%
P4,essl k30 biometric,Attendance / biometric replacement,50,High,90,0.96,5.85,900%,900%
P4,essl 101tc,Attendance / biometric replacement,50,High,83,1.25,5.81,0%,0%
P4,biometric x990,Attendance / biometric replacement,50,High,91,0.84,5.71,0%,0%
P4,essl biometric silkbio 101tc,Attendance / biometric replacement,50,High,77,0.78,5.62,0%,0%
P4,biometric attendance card,Attendance / biometric replacement,50,High,88,0.58,5.51,0%,0%
P4,essl f18 price,Attendance / biometric replacement,50,High,87,0.80,5.42,0%,0%
P4,realtime biometric t304f mini,Attendance / biometric replacement,50,High,89,0.60,5.24,0%,0%
P4,essl biometric k90,Attendance / biometric replacement,50,High,80,0.97,5.20,0%,0%
P4,mb160 biometric,Attendance / biometric replacement,50,High,73,1.05,5.13,0%,0%
P4,realtime t304f biometric attendance machine,Attendance / biometric replacement,50,High,100,0.67,4.87,0%,0%
P4,essl k 90,Attendance / biometric replacement,50,High,81,1.04,4.84,0%,0%
P4,k21 pro essl,Attendance / biometric replacement,50,Medium,65,1.05,4.68,0%,0%
P4,essl f22 biometric price,Attendance / biometric replacement,50,High,91,0.55,3.92,0%,0%
P4,f22 essl price,Attendance / biometric replacement,50,High,91,0.67,3.91,900%,900%
P4,hikvision ai camera price,AI CCTV / video analytics,50,Medium,60,0.37,3.88,0%,0%
P4,essl face reader attendance machine,Attendance / biometric replacement,50,High,100,1.01,3.71,0%,0%
P4,essl silkbio 101tc,Attendance / biometric replacement,50,High,73,0.83,3.71,900%,0%
P4,rfid card attendance machine,Attendance / biometric replacement,50,High,88,0.77,3.55,0%,0%
P4,secureye s fb3k price,Price / buying,50,High,82,0.59,3.54,900%,900%
P4,aadhaar based biometric machine price,Attendance / biometric replacement,50,High,81,0.51,3.47,0%,0%
P4,uface302 essl,Attendance / biometric replacement,50,Medium,37,0.76,3.45,0%,0%
P4,id card attendance machine,Attendance / biometric replacement,50,High,86,0.65,3.26,0%,0%
P4,ai face mars essl price,Attendance / biometric replacement,50,High,95,0.73,3.04,0%,0%
P4,essl silk bio 101tc,Attendance / biometric replacement,50,Medium,66,0.84,3.03,0%,0%
P4,exit switch essl,Attendance / biometric replacement,50,Medium,53,0.60,2.85,0%,0%
P4,attendance card punching machine price,Attendance / biometric replacement,50,High,100,0.58,2.79,0%,0%
P4,thumb machine for mobile,Other,50,Medium,44,0.54,2.56,0%,0%
P4,essl biometric mb20,Attendance / biometric replacement,50,High,96,0.57,2.45,0%,0%
P4,secureye s b8cb price,Price / buying,50,Medium,48,0.73,1.97,0%,0%
P4,k30 pro essl price,Attendance / biometric replacement,50,High,89,0.63,1.78,0%,0%
P4,secureye thumb machine,Other,50,High,98,0.82,1.39,0%,0%
P4,x7 essl price,Attendance / biometric replacement,50,High,72,0.53,1.31,0%,0%
P4,secureye face biometric price,Attendance / biometric replacement,50,High,96,0.46,1.12,0%,0%
P4,secureye biometric s fb3k price,Attendance / biometric replacement,50,High,74,0.41,1.03,0%,0%
P4,realtime c101 price,Price / buying,50,High,92,0.37,0.89,0%,0%
P4,warehouse security system,Vertical: factory/warehouse/industry,50,Low,11,0.00,0.00,0%,0%
P4,fingerprint time clock,Attendance / biometric replacement,50,Medium,43,0.00,0.00,0%,0%
P4,biometric time clock systems,Attendance / biometric replacement,50,Low,0,0.00,0.00,0%,0%
P4,fingerprint time clock system,Attendance / biometric replacement,50,Unknown,0,0.00,0.00,-100%,0%
P4,biometric clocking system,Attendance / biometric replacement,50,Low,0,0.00,0.00,0%,0%
P4,security camera company near me,CCTV install / service (local),50,Low,29,0.00,0.00,0%,0%
P4,fingerprint time clock for small business,Attendance / biometric replacement,50,Unknown,0,0.00,0.00,-100%,-100%
P4,face recognition time clock,Other,50,Low,3,0.00,0.00,0%,0%
P4,warehouse alarm system,Vertical: factory/warehouse/industry,50,Low,11,0.00,0.00,0%,0%
P4,companies that install security cameras near me,CCTV install / service (local),50,High,86,0.00,0.00,0%,∞
P4,security camera system installation near me,CCTV install / service (local),50,Medium,64,0.00,0.00,∞,0%
P4,warehouse camera system,Vertical: factory/warehouse/industry,50,Medium,39,0.00,0.00,0%,0%
P4,commercial security camera installation near me,CCTV install / service (local),50,Unknown,0,0.00,0.00,0%,-100%
P4,adp fingerprint time clock,Attendance / biometric replacement,50,Unknown,0,0.00,0.00,0%,0%
P4,fingerprint clock in system,Attendance / biometric replacement,50,Low,0,0.00,0.00,0%,0%
P4,home security camera installation service,CCTV install / service (local),50,Unknown,0,0.00,0.00,-100%,-100%
P4,security camera installers in my area,CCTV install / service (local),50,Unknown,0,0.00,0.00,0%,0%
P4,warehouse security cameras,Vertical: factory/warehouse/industry,50,Low,10,0.00,0.00,0%,0%
P4,biometric fingerprint time clock,Attendance / biometric replacement,50,Medium,43,0.00,0.00,0%,0%
P4,fingerprint employee time clock,Attendance / biometric replacement,50,High,86,0.00,0.00,0%,0%
P4,biometric clock in and out,Attendance / biometric replacement,50,Unknown,0,0.00,0.00,0%,0%
P4,biometric clock in and out system,Attendance / biometric replacement,50,Unknown,0,0.00,0.00,0%,-100%
P4,thumb print time clock,Other,50,Unknown,0,0.00,0.00,-100%,0%
P4,security camera installation companies near me,CCTV install / service (local),50,Low,14,0.00,0.00,0%,0%
P4,thumbprint time clock,Attendance / biometric replacement,50,Medium,43,0.00,0.00,0%,0%
P4,best fingerprint time clock,Attendance / biometric replacement,50,Unknown,0,0.00,0.00,-100%,0%
P4,biometric employee time clock,Attendance / biometric replacement,50,Medium,43,0.00,0.00,∞,0%
P4,best security camera installers near me,CCTV install / service (local),50,Low,24,0.00,0.00,0%,0%
P4,finger clock in system,Other,50,Unknown,0,0.00,0.00,0%,-100%
P4,warehouse security camera system,Vertical: factory/warehouse/industry,50,Low,0,0.00,0.00,0%,0%
P4,security camera installation service,CCTV install / service (local),50,Low,1,0.00,0.00,-90%,0%
P4,residential security camera installation near me,CCTV install / service (local),50,Medium,43,0.00,0.00,0%,∞
P4,fingerprint punch clock,Attendance / biometric replacement,50,Medium,43,0.00,0.00,0%,0%
P4,cost of home security system installation,CCTV install / service (local),50,Low,0,0.00,0.00,0%,0%
P4,time clock system with fingerprint,Attendance / biometric replacement,50,Unknown,0,0.00,0.00,-100%,0%
P4,biometrics time clock,Attendance / biometric replacement,50,Medium,53,0.00,0.00,0%,0%
P4,time clock fingerprint scanner,Attendance / biometric replacement,50,Low,25,0.00,0.00,0%,0%
P4,biometric employee time clock with online reporting,Attendance / biometric replacement,50,Low,0,0.00,0.00,∞,∞
P4,biometric clocking in machine,Attendance / biometric replacement,50,Low,26,0.00,0.00,0%,0%
P4,time clock fingerprint system,Attendance / biometric replacement,50,Unknown,0,0.00,0.00,0%,0%
P4,facial recognition time and attendance,Attendance / biometric replacement,50,High,86,0.00,0.00,0%,0%
P4,fingerprint scanner clocking in system,Attendance / biometric replacement,50,Unknown,0,0.00,0.00,-100%,0%
P4,biometric punch clock,Attendance / biometric replacement,50,Medium,53,0.00,0.00,0%,0%
P4,best face recognition time clock,Price / buying,50,High,100,0.00,0.00,∞,∞
P4,security camera company installation,CCTV install / service (local),50,High,86,0.00,0.00,∞,0%
P4,finger scanner time clock,Other,50,Low,25,0.00,0.00,0%,0%
P4,fingerprint clock in machine price,Attendance / biometric replacement,50,High,100,0.00,0.00,∞,∞
P4,biometric clock,Attendance / biometric replacement,50,Medium,36,0.00,0.00,0%,0%
P4,security camera system installation companies near me,CCTV install / service (local),50,Unknown,0,0.00,0.00,-100%,-100%
P4,fingerprint payroll system,Attendance / biometric replacement,50,High,100,0.00,0.00,0%,0%
P4,outdoor home security cameras installation companies,CCTV install / service (local),50,Unknown,0,0.00,0.00,0%,0%
P4,commercial security cameras installation near me,CCTV install / service (local),50,Unknown,0,0.00,0.00,0%,0%
P4,outdoor security camera installation companies,CCTV install / service (local),50,Unknown,0,0.00,0.00,-100%,0%
P4,home surveillance installers near me,CCTV install / service (local),50,Low,14,0.00,0.00,∞,∞
P4,biometric clock in,Attendance / biometric replacement,50,Low,0,0.00,0.00,0%,0%
P4,video security system installation near me,CCTV install / service (local),50,Unknown,0,0.00,0.00,0%,0%
P4,home security cameras installation companies,CCTV install / service (local),50,Unknown,0,0.00,0.00,0%,-100%
P4,warehouse security system cost,Vertical: factory/warehouse/industry,50,Unknown,0,0.00,0.00,0%,0%
P4,finger time clock,Other,50,Low,29,0.00,0.00,0%,0%
P4,best ai security camera,AI CCTV / video analytics,50,High,100,0.00,0.00,0%,0%
P4,best security camera system for warehouse,Vertical: factory/warehouse/industry,50,High,86,0.00,0.00,∞,∞
P4,security camera contractors near me,CCTV install / service (local),50,Unknown,0,0.00,0.00,0%,-100%
P4,bio time clock,Other,50,Unknown,0,0.00,0.00,-100%,-100%
P4,best security cameras for warehouse,Vertical: factory/warehouse/industry,50,Low,0,0.00,0.00,∞,∞
P4,home security camera installation companies near me,CCTV install / service (local),50,Unknown,0,0.00,0.00,0%,0%
P4,face scan time clock,Other,50,Unknown,0,0.00,0.00,0%,0%
P4,ngteco fingerprint time clock,Attendance / biometric replacement,50,Unknown,0,0.00,0.00,-100%,-100%
P4,best security camera installation companies,CCTV install / service (local),50,Medium,36,0.00,0.00,0%,∞
P4,fingerprint scanner time attendance,Attendance / biometric replacement,50,Medium,62,0.00,0.00,0%,0%
P4,video analytics tools,AI CCTV / video analytics,50,Low,7,0.00,0.00,0%,0%
P4,best video analytics software,AI CCTV / video analytics,50,Low,5,0.00,0.00,0%,0%
P4,biometric clocking system price,Attendance / biometric replacement,50,High,100,0.00,0.00,∞,∞
P4,smart security camera installation,CCTV install / service (local),50,Low,0,0.00,0.00,∞,0%
P4,biometric staff attendance management system,Attendance / biometric replacement,50,Low,29,0.00,0.00,0%,∞
P4,surveillance camera companies near me,CCTV install / service (local),50,Unknown,0,0.00,0.00,-100%,-100%
P4,time card machine fingerprint,Attendance / biometric replacement,50,Medium,43,0.00,0.00,0%,0%
P4,warehouse cctv,Vertical: factory/warehouse/industry,50,Low,32,0.00,0.00,0%,0%
P4,surveillance installation companies,CCTV install / service (local),50,Unknown,0,0.00,0.00,-100%,-100%
P4,traffic counting video analytics software,AI CCTV / video analytics,50,Low,29,0.00,0.00,∞,∞
P4,thumbprint time attendance system,Attendance / biometric replacement,50,Low,1,0.00,0.00,900%,900%
P4,home security camera system installation service,CCTV install / service (local),50,Unknown,0,0.00,0.00,0%,-100%
P4,warehouse cctv system,Vertical: factory/warehouse/industry,50,Low,0,0.00,0.00,0%,0%
P4,warehouse surveillance system,Vertical: factory/warehouse/industry,50,Unknown,0,0.00,0.00,-100%,-100%
P4,time punching machine fingerprint,Attendance / biometric replacement,50,Unknown,0,0.00,0.00,-100%,-100%
P4,unifi 360 camera,Other,50,High,100,0.00,0.00,0%,0%
P4,payroll system with biometric and barcode technology,Attendance / biometric replacement,50,Unknown,0,0.00,0.00,0%,0%
P4,home surveillance cameras installation near me,CCTV install / service (local),50,High,71,0.00,0.00,0%,0%
P4,phoenix security camera installation,CCTV install / service (local),50,Low,0,0.00,0.00,0%,0%
P4,fingerprint scanner for time attendance,Attendance / biometric replacement,50,Medium,62,0.00,0.00,0%,0%
P4,fingerprint scanner employee attendance,Attendance / biometric replacement,50,High,67,0.00,0.00,0%,0%
P4,biometric time keeping,Attendance / biometric replacement,50,Low,0,0.00,0.00,∞,0%
P4,security camera ai,AI CCTV / video analytics,50,High,91,0.00,0.00,0%,0%
P4,surveillance video analysis software,Other,50,High,71,0.00,0.00,∞,∞
P4,electronic attendance system for students,Attendance / biometric replacement,50,Unknown,0,0.00,0.00,-100%,-100%
P4,face recognition time attendance machine,Attendance / biometric replacement,50,Unknown,0,0.00,0.00,-100%,-100%
P4,hand scanner clocking in machines,Other,50,Unknown,0,0.00,0.00,0%,0%
P4,security camera analytics,AI CCTV / video analytics,50,High,79,0.00,0.00,0%,0%
P4,residential security camera installers near me,CCTV install / service (local),50,Unknown,0,0.00,0.00,0%,-100%
P4,kronos fingerprint time clock,Attendance / biometric replacement,50,Unknown,0,0.00,0.00,0%,0%
P4,fingerprint clocking in,Attendance / biometric replacement,50,Medium,50,0.00,0.00,0%,∞
P4,alarm warehouse,Vertical: factory/warehouse/industry,50,Unknown,0,0.00,0.00,-100%,-100%
P4,ai for security cameras,AI CCTV / video analytics,50,Low,0,0.00,0.00,0%,0%
P4,best security camera installers,CCTV install / service (local),50,Unknown,0,0.00,0.00,0%,-100%
P4,face recognition time attendance,Attendance / biometric replacement,50,High,86,0.00,0.00,0%,0%
P4,finger clock in machine,Other,50,Unknown,0,0.00,0.00,0%,-100%
P4,home camera installation company,CCTV install / service (local),50,Unknown,0,0.00,0.00,0%,0%
P4,fingerprint time attendance device,Attendance / biometric replacement,50,Low,16,0.00,0.00,0%,0%
P4,video surveillance installation company,CCTV install / service (local),50,Low,2,0.00,0.00,0%,0%
P4,fingerprint reader time clock,Attendance / biometric replacement,50,Unknown,0,0.00,0.00,0%,0%
P4,biometric hand scanner time clock,Attendance / biometric replacement,50,Unknown,0,0.00,0.00,0%,-100%
P4,video content analysis software,Other,50,Low,0,0.00,0.00,0%,0%
P4,cloud fingerprint attendance,Attendance / biometric replacement,50,Unknown,0,0.00,0.00,-100%,-100%
P4,security camera instal,Other,50,Low,2,0.00,0.00,0%,0%
P4,security at amazon warehouse,Vertical: factory/warehouse/industry,50,Unknown,0,0.00,0.00,0%,0%
P4,camera analytics software,AI CCTV / video analytics,50,Low,7,0.00,0.00,0%,0%
P4,time clock machine fingerprint,Attendance / biometric replacement,50,Unknown,0,0.00,0.00,0%,0%
P4,biometric time keeping system,Attendance / biometric replacement,50,Unknown,0,0.00,0.00,0%,0%
P4,biometric fingerprint time attendance system,Attendance / biometric replacement,50,Medium,39,0.00,0.00,0%,0%
P4,dahua ai camera,AI CCTV / video analytics,50,Low,22,0.00,0.00,0%,0%
P4,cctv security camera warehouse,Vertical: factory/warehouse/industry,50,Unknown,0,0.00,0.00,-100%,0%
P4,best cctv installation companies,CCTV install / service (local),50,Low,0,0.00,0.00,0%,0%
P4,portable biometric attendance system,Attendance / biometric replacement,50,High,80,0.00,0.00,0%,0%
P4,security cameras fitting service,CCTV install / service (local),50,Medium,43,0.00,0.00,∞,0%
P4,face recognition access control attendance system,Attendance / biometric replacement,50,Low,32,0.00,0.00,0%,0%
P4,surveillance camera installation service,CCTV install / service (local),50,Low,1,0.00,0.00,-90%,0%
P4,contactless attendance system,Attendance / biometric replacement,50,Low,3,0.00,0.00,0%,0%
P4,thumbprint scanner for attendance,Attendance / biometric replacement,50,High,71,0.00,0.00,∞,0%
P4,fingerprint attendance system download,Attendance / biometric replacement,50,Unknown,0,0.00,0.00,0%,-100%
P4,fingerprint time and attendance systems,Attendance / biometric replacement,50,Low,1,0.00,0.00,900%,900%
P4,video surveillance system installation near me,CCTV install / service (local),50,Low,0,0.00,0.00,0%,∞
P4,proximity clocking in machines,Other,50,Unknown,0,0.00,0.00,0%,0%
P4,open source video analytics,AI CCTV / video analytics,50,Low,0,0.00,0.00,0%,0%
P4,face and fingerprint time attendance machine,Attendance / biometric replacement,50,High,100,0.00,0.00,∞,0%
P4,biometric face recognition time attendance,Attendance / biometric replacement,50,High,71,0.00,0.00,∞,0%
P4,ai hd ip camera,AI CCTV / video analytics,50,Low,14,0.00,0.00,0%,0%
P4,zkteco fingerprint attendance system,Attendance / biometric replacement,50,High,100,0.00,0.00,∞,0%
P4,warehouse security solutions,Vertical: factory/warehouse/industry,50,High,86,0.00,0.00,0%,0%
P4,video surveillance system installers near me,CCTV install / service (local),50,Unknown,0,0.00,0.00,0%,0%
P4,average cost of home security system installation,CCTV install / service (local),50,Unknown,0,0.00,0.00,0%,0%
P4,ai cctv system,AI CCTV / video analytics,50,Low,26,0.00,0.00,0%,0%
P4,open source video analytics tools,AI CCTV / video analytics,50,Low,0,0.00,0.00,∞,0%
P4,security camera system installation service,CCTV install / service (local),50,Unknown,0,0.00,0.00,0%,0%
P4,intelligent cctv camera,AI CCTV / video analytics,50,High,89,0.00,0.00,0%,0%
P4,warehouse access control,Vertical: factory/warehouse/industry,50,Unknown,0,0.00,0.00,-100%,-100%
P4,security video analysis software,Other,50,Unknown,0,0.00,0.00,0%,-100%
P4,biometric attendance monitoring system,Attendance / biometric replacement,50,Low,12,0.00,0.00,0%,0%
P4,fingerprint time machine,Attendance / biometric replacement,50,High,100,0.00,0.00,∞,0%
P4,nigen time attendance,Attendance / biometric replacement,50,Unknown,0,0.00,0.00,0%,0%
P4,cctv ai technology,AI CCTV / video analytics,50,Low,16,0.00,0.00,0%,0%
P4,factory cctv system,Vertical: factory/warehouse/industry,50,Unknown,0,0.00,0.00,-100%,-100%
P4,ai home security camera,AI CCTV / video analytics,50,Medium,50,0.00,0.00,0%,0%
P4,fingerprint time attendance terminal,Attendance / biometric replacement,50,Medium,46,0.00,0.00,0%,0%
P4,fingerprint attendance system price,Attendance / biometric replacement,50,High,100,0.00,0.00,0%,0%
P4,sira certified cctv companies,CCTV install / service (local),50,Unknown,0,0.00,0.00,0%,-100%
P4,fingerprint clocking,Attendance / biometric replacement,50,Medium,34,0.00,0.00,0%,0%
P4,video analytics camera,AI CCTV / video analytics,50,Low,10,0.00,0.00,0%,0%
P4,mcgm biometric attendance,Attendance / biometric replacement,50,Low,0,0.00,0.00,0%,-90%
P4,attendance machine company,Attendance / biometric replacement,50,High,75,0.00,0.00,0%,0%
P4,suprema time attendance,Attendance / biometric replacement,50,Low,0,0.00,0.00,0%,0%
P4,ai video analysis software,AI CCTV / video analytics,50,Low,0,0.00,0.00,0%,0%
P4,clearview security cameras,Other,50,Low,0,0.00,0.00,∞,0%
P4,fingerprint sensor attendance system,Attendance / biometric replacement,50,High,78,0.00,0.00,0%,0%
P4,biometric fingerprint time attendance machine,Attendance / biometric replacement,50,Medium,53,0.00,0.00,0%,0%
P4,ai outdoor security camera,AI CCTV / video analytics,50,High,100,0.00,0.00,0%,0%
P4,face finger attendance system,Attendance / biometric replacement,50,High,100,0.00,0.00,0%,0%
P4,biometric fingerprint time attendance,Attendance / biometric replacement,50,High,86,0.00,0.00,0%,0%
P4,time attendance system face recognition,Attendance / biometric replacement,50,Medium,34,0.00,0.00,∞,0%
P4,free online biometric attendance system,Attendance / biometric replacement,50,High,71,0.00,0.00,0%,0%
P4,video analytics software price,AI CCTV / video analytics,50,Medium,48,0.00,0.00,0%,0%
P4,licensed security camera installer,CCTV install / service (local),50,Low,0,0.00,0.00,0%,0%
P4,biometric attendance system in mobile,Attendance / biometric replacement,50,Low,4,0.00,0.00,0%,0%
P4,dahua 8mp tioc camera,Other,50,High,86,0.00,0.00,0%,0%
P4,video analytics software open source,AI CCTV / video analytics,50,Medium,36,0.00,0.00,∞,0%
P4,face recognition and attendance system,Attendance / biometric replacement,50,Medium,50,0.00,0.00,0%,0%
P4,zkteco clocking system,Other,50,Unknown,0,0.00,0.00,0%,0%
P4,attendance system using fingerprint,Attendance / biometric replacement,50,Low,0,0.00,0.00,0%,0%
P4,ai in video surveillance,AI CCTV / video analytics,50,Low,0,0.00,0.00,0%,0%
P4,attendance monitoring using face recognition,Attendance / biometric replacement,50,Unknown,0,0.00,0.00,-100%,-100%
P4,portable time attendance machine,Attendance / biometric replacement,50,Low,0,0.00,0.00,0%,∞
P4,biometric time system,Attendance / biometric replacement,50,Low,0,0.00,0.00,0%,0%
P4,wireless biometric attendance system,Attendance / biometric replacement,50,High,100,0.00,0.00,0%,0%
P4,face biometric machine price,Attendance / biometric replacement,50,High,71,0.00,0.00,0%,0%
P4,the best fingerprint attendance machine,Attendance / biometric replacement,50,High,93,0.00,0.00,0%,0%
P4,best places to install home security cameras,CCTV install / service (local),50,Unknown,0,0.00,0.00,0%,-100%
P4,biometric time solutions,Attendance / biometric replacement,50,Unknown,0,0.00,0.00,-100%,0%
P4,fingerprint time attendance system,Attendance / biometric replacement,50,Low,1,0.00,0.00,900%,900%
P4,ai based security camera,AI CCTV / video analytics,50,High,95,0.00,0.00,0%,0%
P4,ai based video surveillance,AI CCTV / video analytics,50,Unknown,0,0.00,0.00,-100%,-100%
P4,face recognition attendance system software,Attendance / biometric replacement,50,Low,21,0.00,0.00,0%,0%
P4,face print attendance,Attendance / biometric replacement,50,High,71,0.00,0.00,0%,0%
P4,video analytics software companies,AI CCTV / video analytics,50,Low,32,0.00,0.00,0%,0%
P4,touchless attendance system,Attendance / biometric replacement,50,Low,31,0.00,0.00,0%,0%
P4,biometric machine with face detection,Attendance / biometric replacement,50,High,100,0.00,0.00,0%,0%
P4,portable fingerprint attendance system,Attendance / biometric replacement,50,Low,0,0.00,0.00,0%,0%
P4,biometric access control and time attendance,Attendance / biometric replacement,50,Low,24,0.00,0.00,0%,0%
P4,video surveillance analytics software,AI CCTV / video analytics,50,Low,0,0.00,0.00,0%,0%
P4,video intelligence software,AI CCTV / video analytics,50,Low,7,0.00,0.00,∞,∞
P4,time attendance with face recognition,Attendance / biometric replacement,50,Unknown,0,0.00,0.00,0%,-100%
P4,sichuan ai link technology ip camera,AI CCTV / video analytics,50,Low,0,0.00,0.00,0%,0%
P4,zkteco fingerprint attendance machine,Attendance / biometric replacement,50,High,67,0.00,0.00,0%,∞
P4,in01 a fingerprint device,Attendance / biometric replacement,50,Unknown,0,0.00,0.00,0%,-100%
P4,tioc 8mp dahua,Other,50,Unknown,0,0.00,0.00,0%,0%
P4,biometric hr system,Attendance / biometric replacement,50,High,79,0.00,0.00,∞,0%
P4,fingerprint attendance register,Attendance / biometric replacement,50,Medium,37,0.00,0.00,0%,0%
P4,best fingerprint attendance system,Attendance / biometric replacement,50,High,86,0.00,0.00,0%,0%
P4,centralized biometric attendance system,Attendance / biometric replacement,50,Low,5,0.00,0.00,0%,0%
P4,multiple face detection and recognition for attendance system,Attendance / biometric replacement,50,Low,21,0.00,0.00,0%,0%
P4,zkteco time attendance terminal,Attendance / biometric replacement,50,Medium,45,0.00,0.00,0%,0%
P4,ai in security cameras,AI CCTV / video analytics,50,Unknown,0,0.00,0.00,0%,-100%
P4,ironclad fingerprint employee attendance machine,Attendance / biometric replacement,50,Unknown,0,0.00,0.00,0%,-100%
P4,zkteco face attendance,Attendance / biometric replacement,50,High,100,0.00,0.00,0%,0%
P4,fingerprint time attendance machine system,Attendance / biometric replacement,50,Unknown,0,0.00,0.00,-100%,-100%
P4,video analytics products,AI CCTV / video analytics,50,High,86,0.00,0.00,∞,0%
P4,warehouse alarms,Vertical: factory/warehouse/industry,50,Unknown,0,0.00,0.00,-100%,-100%
P4,ai in cctv,AI CCTV / video analytics,50,Low,10,0.00,0.00,0%,0%
P4,1080p ptz wifi ip camera outdoor 4x digital zoom,Other,50,Unknown,0,0.00,0.00,-100%,0%
P4,5yoa fingerprint time attendance,Attendance / biometric replacement,50,High,100,0.00,0.00,0%,∞
P4,aadhaar attendance biometric,Attendance / biometric replacement,50,Low,0,0.00,0.00,0%,-90%
P4,aadhaar attendance system,Attendance / biometric replacement,50,Low,0,0.00,0.00,0%,0%
P4,aadhaar based biometric machine,Attendance / biometric replacement,50,High,84,0.00,0.00,0%,0%
P4,aadhaar based biometric system,Attendance / biometric replacement,50,Low,9,0.00,0.00,0%,0%
P4,aadhaar biometric attendance system,Attendance / biometric replacement,50,Low,5,0.00,0.00,0%,0%
P4,aadhaar biometric machine s sab220 price,Attendance / biometric replacement,50,Unknown,0,0.00,0.00,0%,-100%
P4,aadhaar enabled attendance system,Attendance / biometric replacement,50,Low,9,0.00,0.00,0%,0%
P4,aadhaar enabled biometric attendance,Attendance / biometric replacement,50,Low,9,0.00,0.00,0%,0%
P4,aadhaar enabled biometric attendance machine,Attendance / biometric replacement,50,High,89,0.00,0.00,0%,0%
P4,aadhaar enabled biometric attendance machine price,Attendance / biometric replacement,50,High,88,0.00,0.00,0%,0%
P4,aadhaar enabled biometric attendance system price,Attendance / biometric replacement,50,High,92,0.00,0.00,0%,0%
P4,aadhaar enabled biometric device,Attendance / biometric replacement,50,High,74,0.00,0.00,0%,0%
P4,aadhaar enabled biometric fingerprint machine,Attendance / biometric replacement,50,High,90,0.00,0.00,0%,0%
P4,aadhaar enabled biometric machine,Attendance / biometric replacement,50,High,89,0.00,0.00,0%,0%
P4,aadhaar enabled biometric system,Attendance / biometric replacement,50,Low,18,0.00,0.00,0%,0%
P4,aadhaar fingerprint reader t502,Attendance / biometric replacement,50,Medium,54,0.00,0.00,∞,0%
P4,abas biometric,Attendance / biometric replacement,50,Low,1,0.00,0.00,0%,0%
P4,adms biometric,Attendance / biometric replacement,50,Low,31,0.00,0.00,0%,0%
P4,adms fingerprint,Attendance / biometric replacement,50,Unknown,0,0.00,0.00,-100%,0%
P4,adms in biometric,Attendance / biometric replacement,50,Low,0,0.00,0.00,0%,0%
P4,aebas attendance system,Attendance / biometric replacement,50,Low,1,0.00,0.00,0%,0%
P4,aebas biometric,Attendance / biometric replacement,50,Low,18,0.00,0.00,0%,-90%
P4,aebas biometric device,Attendance / biometric replacement,50,High,81,0.00,0.00,0%,0%
P4,aebas device price,Attendance / biometric replacement,50,High,92,0.00,0.00,0%,0%
P4,aebas download,Attendance / biometric replacement,50,Low,1,0.00,0.00,0%,0%
P4,aebas machine,Attendance / biometric replacement,50,High,77,0.00,0.00,0%,0%
P4,aebas mantra,Attendance / biometric replacement,50,Unknown,0,0.00,0.00,-100%,-100%
P4,aebas system,Attendance / biometric replacement,50,Low,4,0.00,0.00,0%,0%
P4,ai hua cctv,AI CCTV / video analytics,50,Low,0,0.00,0.00,∞,∞
P4,ai smart camera v380 pro,AI CCTV / video analytics,50,Unknown,0,0.00,0.00,0%,0%
P4,ai ssa dahua,AI CCTV / video analytics,50,Unknown,0,0.00,0.00,-100%,0%
P4,aibecy fingerprint attendance machine,Attendance / biometric replacement,50,Unknown,0,0.00,0.00,0%,0%
P4,aiface mars price,Price / buying,50,High,80,0.00,0.00,0%,-90%
P4,alarm & camera warehouse,Vertical: factory/warehouse/industry,50,Unknown,0,0.00,0.00,-100%,-100%
P4,approx fingerprint time attendance,Attendance / biometric replacement,50,Unknown,0,0.00,0.00,0%,0%
P4,attendance machine mantra,Attendance / biometric replacement,50,High,100,0.00,0.00,0%,0%
P4,attendance machine real time,Attendance / biometric replacement,50,High,100,0.00,0.00,0%,0%
P4,attendance machine system,Attendance / biometric replacement,50,Medium,51,0.00,0.00,0%,0%
P4,attendance machine with eye scanner,Attendance / biometric replacement,50,Unknown,0,0.00,0.00,0%,0%
P4,attendance machine with sim card,Attendance / biometric replacement,50,High,100,0.00,0.00,0%,0%
P4,attendance machine zkteco,Attendance / biometric replacement,50,High,100,0.00,0.00,0%,0%
P4,attendance management fingerprint,Attendance / biometric replacement,50,Unknown,0,0.00,0.00,0%,-100%
P4,attendance management system machine,Attendance / biometric replacement,50,High,100,0.00,0.00,0%,0%
P4,attendance management system using biometrics,Attendance / biometric replacement,50,High,86,0.00,0.00,0%,0%
P4,attendance management system using fingerprint scanner,Attendance / biometric replacement,50,Unknown,0,0.00,0.00,0%,-100%
P4,attendance management system with fingerprint,Attendance / biometric replacement,50,Low,0,0.00,0.00,0%,0%
P4,attendance management using face recognition,Attendance / biometric replacement,50,High,86,0.00,0.00,0%,0%
P4,attendance management with face recognition system,Attendance / biometric replacement,50,Unknown,0,0.00,0.00,0%,0%
P4,attendance mcgm,Attendance / biometric replacement,50,Low,0,0.00,0.00,0%,0%
P4,attendance scanner fingerprint,Attendance / biometric replacement,50,Unknown,0,0.00,0.00,0%,0%
P4,attendance system based on face recognition,Attendance / biometric replacement,50,High,71,0.00,0.00,0%,0%
P4,attendance system using face detection,Attendance / biometric replacement,50,Unknown,0,0.00,0.00,0%,-100%
P4,attendance system with fingerprint reader,Attendance / biometric replacement,50,High,93,0.00,0.00,0%,0%
P4,attendance through biometric system,Attendance / biometric replacement,50,Unknown,0,0.00,0.00,0%,0%
P4,attendance using face detection,Attendance / biometric replacement,50,Low,0,0.00,0.00,∞,0%
P4,attendance using fingerprint,Attendance / biometric replacement,50,Medium,33,0.00,0.00,0%,0%
P4,attendance with fingerprint flutter laravel,Attendance / biometric replacement,50,Unknown,0,0.00,0.00,-100%,0%
P4,best cctv installers,CCTV install / service (local),50,Unknown,0,0.00,0.00,0%,-100%
P4,best fingerprint,Attendance / biometric replacement,50,Medium,34,0.00,0.00,0%,0%
P4,bio max biometric,Attendance / biometric replacement,50,High,86,0.00,0.00,0%,∞
P4,bio office fingerprint time attendance system,Attendance / biometric replacement,50,Unknown,0,0.00,0.00,-100%,-100%
P4,biomax attendance machine price,Attendance / biometric replacement,50,High,89,0.00,0.00,0%,0%
P4,biomax attendance system,Attendance / biometric replacement,50,High,100,0.00,0.00,0%,0%
P4,biomax biometric attendance system,Attendance / biometric replacement,50,Low,0,0.00,0.00,0%,0%
P4,biomax bm22,Other,50,Medium,45,0.00,0.00,0%,0%
P4,biomax bm70w,Other,50,Low,30,0.00,0.00,0%,0%
P4,biomax bmx999,Other,50,Unknown,0,0.00,0.00,0%,-100%
P4,biomax essl,Attendance / biometric replacement,50,High,86,0.00,0.00,0%,0%
P4,biomax face reader,Other,50,Low,25,0.00,0.00,0%,0%
P4,biomax face recognition,Other,50,Medium,50,0.00,0.00,0%,0%
P4,biomax finger machine,Other,50,Medium,63,0.00,0.00,0%,0%
P4,biomax mb160,Other,50,High,90,0.00,0.00,0%,0%
P4,biomax n bm20,Other,50,High,75,0.00,0.00,0%,0%
P4,biomax n bm20 id,Other,50,High,83,0.00,0.00,0%,0%
P4,biomax n bm20 price,Price / buying,50,Unknown,0,0.00,0.00,0%,0%
P4,biomax n bm22,Other,50,High,97,0.00,0.00,0%,0%
P4,biomax n bm30w pro,Other,50,High,100,0.00,0.00,0%,0%
P4,biomax n bm30w pro price,Price / buying,50,Unknown,0,0.00,0.00,0%,-100%
P4,biomax n bm70w,Other,50,High,71,0.00,0.00,0%,0%
P4,biomax n bm70w pro price,Price / buying,50,Medium,65,0.00,0.00,0%,0%
P4,biomax n k30,Other,50,Low,24,0.00,0.00,0%,0%
P4,biomax n wl20,Other,50,High,89,0.00,0.00,0%,0%
P4,biomax n x990,Other,50,Low,0,0.00,0.00,0%,0%
P4,biomax time attendance,Attendance / biometric replacement,50,Medium,60,0.00,0.00,0%,0%
P4,biomax x990,Other,50,Medium,64,0.00,0.00,0%,0%
P4,biometric attendance aadhaar based,Attendance / biometric replacement,50,Medium,37,0.00,0.00,0%,0%
P4,biometric attendance authentication system,Attendance / biometric replacement,50,Low,29,0.00,0.00,∞,0%
P4,biometric attendance bmc,Attendance / biometric replacement,50,Low,0,0.00,0.00,0%,0%
P4,biometric attendance card system,Attendance / biometric replacement,50,High,100,0.00,0.00,0%,0%
P4,biometric attendance download,Attendance / biometric replacement,50,Low,6,0.00,0.00,0%,0%
P4,biometric attendance in,Attendance / biometric replacement,50,Low,0,0.00,0.00,∞,0%
P4,biometric attendance in indian railways,Attendance / biometric replacement,50,Low,0,0.00,0.00,0%,0%
P4,biometric attendance machine access control,Attendance / biometric replacement,50,Medium,38,0.00,0.00,0%,0%
P4,biometric attendance machine essl k30,Attendance / biometric replacement,50,High,86,0.00,0.00,0%,0%
P4,biometric attendance machine face and rfid,Attendance / biometric replacement,50,High,86,0.00,0.00,0%,0%
P4,biometric attendance machine online,Attendance / biometric replacement,50,High,83,0.00,0.00,0%,0%
P4,biometric attendance machine with card,Attendance / biometric replacement,50,High,100,0.00,0.00,0%,0%
P4,biometric attendance management,Attendance / biometric replacement,50,Medium,43,0.00,0.00,0%,0%
P4,biometric attendance mcgm,Attendance / biometric replacement,50,Low,0,0.00,0.00,0%,0%
P4,biometric attendance print out,Attendance / biometric replacement,50,Low,0,0.00,0.00,0%,0%
P4,biometric attendance reader,Attendance / biometric replacement,50,Low,14,0.00,0.00,0%,0%
P4,biometric attendance recording system,Attendance / biometric replacement,50,High,86,0.00,0.00,0%,0%
P4,biometric attendance scanner,Attendance / biometric replacement,50,Low,18,0.00,0.00,0%,0%
P4,biometric attendance system amazon,Attendance / biometric replacement,50,High,80,0.00,0.00,0%,0%
P4,biometric attendance system companies,Attendance / biometric replacement,50,High,86,0.00,0.00,0%,0%
P4,biometric attendance system download,Attendance / biometric replacement,50,Low,9,0.00,0.00,0%,0%
P4,biometric attendance system for large enterprise,Attendance / biometric replacement,50,Low,0,0.00,0.00,0%,∞
P4,biometric attendance system machine,Attendance / biometric replacement,50,Medium,62,0.00,0.00,0%,0%
P4,biometric attendance system nic,Attendance / biometric replacement,50,Low,0,0.00,0.00,0%,0%
P4,biometric attendance system secureye,Attendance / biometric replacement,50,High,80,0.00,0.00,0%,0%
P4,biometric attendance system suppliers,Attendance / biometric replacement,50,Medium,33,0.00,0.00,0%,0%
P4,biometric attendance system using python,Attendance / biometric replacement,50,Unknown,0,0.00,0.00,-100%,-100%
P4,biometric attendance system v3 1.0 1,Attendance / biometric replacement,50,Low,0,0.00,0.00,∞,0%
P4,biometric attendance system v3 1.0 1 download,Attendance / biometric replacement,50,Low,0,0.00,0.00,∞,0%
P4,biometric attendance system zkteco k40,Attendance / biometric replacement,50,Low,29,0.00,0.00,∞,0%
P4,biometric attendance with aadhaar enabled,Attendance / biometric replacement,50,Low,0,0.00,0.00,0%,0%
P4,biometric attendance with id card,Attendance / biometric replacement,50,High,67,0.00,0.00,0%,0%
P4,biometric device with wifi,Attendance / biometric replacement,50,High,80,0.00,0.00,0%,0%
P4,biometric employee punch clock,Attendance / biometric replacement,50,Unknown,0,0.00,0.00,0%,0%
P4,biometric essl k30,Attendance / biometric replacement,50,High,88,0.00,0.00,0%,0%
P4,biometric essl k90 pro id b,Attendance / biometric replacement,50,Medium,39,0.00,0.00,0%,0%
P4,biometric essl x990,Attendance / biometric replacement,50,High,80,0.00,0.00,0%,0%
P4,biometric face recognition system price,Attendance / biometric replacement,50,Unknown,0,0.00,0.00,-100%,0%
P4,biometric fingerprint rfid card based time attendance system,Attendance / biometric replacement,50,Unknown,0,0.00,0.00,-100%,0%
P4,biometric machine essl k30,Attendance / biometric replacement,50,High,100,0.00,0.00,0%,∞
P4,biometric machine secureye,Attendance / biometric replacement,50,High,73,0.00,0.00,0%,0%
P4,biometric machine system,Attendance / biometric replacement,50,High,77,0.00,0.00,0%,0%
P4,biometric machine x990,Attendance / biometric replacement,50,Unknown,0,0.00,0.00,-100%,-100%
P4,biometric scanner time clock,Attendance / biometric replacement,50,Unknown,0,0.00,0.00,0%,0%
P4,biometric thumb attendance,Attendance / biometric replacement,50,High,100,0.00,0.00,0%,0%
P4,biometric time and attendance devices,Attendance / biometric replacement,50,Unknown,0,0.00,0.00,-100%,0%
P4,biometric time and attendance solutions,Attendance / biometric replacement,50,Unknown,0,0.00,0.00,-100%,0%
P4,biometric time attendance terminal,Attendance / biometric replacement,50,Low,0,0.00,0.00,0%,0%
P4,biometric time machine,Attendance / biometric replacement,50,High,71,0.00,0.00,0%,0%
P4,biometric time management system,Attendance / biometric replacement,50,Unknown,0,0.00,0.00,-100%,0%
P4,biometric time tracking and security,Attendance / biometric replacement,50,Unknown,0,0.00,0.00,0%,0%
P4,biometrics time and attendance devices,Attendance / biometric replacement,50,Unknown,0,0.00,0.00,-100%,0%
P4,biostar time attendance,Attendance / biometric replacement,50,Low,7,0.00,0.00,0%,0%
P4,bm22 biomax,Other,50,Medium,61,0.00,0.00,0%,0%
P4,bmc biometric attendance,Attendance / biometric replacement,50,Low,0,0.00,0.00,0%,900%
P4,c101 realtime,Other,50,High,69,0.00,0.00,0%,0%
P4,cameras warehouse,Vertical: factory/warehouse/industry,50,Low,0,0.00,0.00,0%,0%
P4,card swipe attendance machine,Attendance / biometric replacement,50,High,76,0.00,0.00,0%,0%
P4,cctv business startup,Other,50,Low,0,0.00,0.00,0%,∞
P4,cctv camera analytics,AI CCTV / video analytics,50,Medium,38,0.00,0.00,0%,0%
P4,cctv camera dealers in ludhiana,CCTV install / service (local),50,Low,11,0.00,0.00,0%,0%
P4,cctv camera installation in ludhiana,CCTV install / service (local),50,Medium,37,0.00,0.00,0%,0%
P4,cctv camera providers,Other,50,Low,10,0.00,0.00,0%,0%
P4,cctv camera wholesale market in ludhiana,Other,50,Low,5,0.00,0.00,0%,0%
P4,cctv dealers in ludhiana,CCTV install / service (local),50,Low,3,0.00,0.00,0%,-90%
P4,cctv in ludhiana,Other,50,Low,7,0.00,0.00,0%,0%
P4,cctv installation urbanclap,CCTV install / service (local),50,Low,0,0.00,0.00,0%,∞
P4,cctv intelligence,AI CCTV / video analytics,50,Low,3,0.00,0.00,0%,∞
P4,central biometric attendance,Attendance / biometric replacement,50,Low,0,0.00,0.00,0%,0%
P4,central biometric attendance system,Attendance / biometric replacement,50,Low,5,0.00,0.00,0%,0%
P4,cloud based face attendance system,Attendance / biometric replacement,50,Unknown,0,0.00,0.00,-100%,0%
P4,contactless biometric attendance system,Attendance / biometric replacement,50,Low,7,0.00,0.00,0%,∞
P4,dahua ai camera setup,AI CCTV / video analytics,50,Low,0,0.00,0.00,∞,0%
P4,dahua quick pick,Other,50,Unknown,0,0.00,0.00,0%,0%
P4,dahua wizsense 5mp,Other,50,High,71,0.00,0.00,0%,∞
P4,dahua wizsense review,Price / buying,50,Unknown,0,0.00,0.00,0%,0%
P4,download fingerprint attendance system,Attendance / biometric replacement,50,Unknown,0,0.00,0.00,0%,0%
P4,drdo biometric attendance system,Attendance / biometric replacement,50,Unknown,0,0.00,0.00,0%,0%
P4,e9 essl,Attendance / biometric replacement,50,Low,19,0.00,0.00,0%,0%
P4,e9c essl,Attendance / biometric replacement,50,Low,25,0.00,0.00,0%,0%
P4,e9c wifi,Other,50,Low,0,0.00,0.00,0%,0%
P4,eb20 essl,Attendance / biometric replacement,50,Low,29,0.00,0.00,0%,0%
P4,endroid biometric,Attendance / biometric replacement,50,Medium,64,0.00,0.00,0%,0%
P4,endroid biometric machine,Attendance / biometric replacement,50,Low,0,0.00,0.00,0%,0%
P4,essl 302,Attendance / biometric replacement,50,High,71,0.00,0.00,0%,0%
P4,essl 302 price,Attendance / biometric replacement,50,High,67,0.00,0.00,0%,0%
P4,essl 602,Attendance / biometric replacement,50,Low,32,0.00,0.00,0%,0%
P4,essl aadhaar based biometric,Attendance / biometric replacement,50,High,89,0.00,0.00,0%,0%
P4,essl access,Attendance / biometric replacement,50,High,75,0.00,0.00,0%,0%
P4,essl aiface pluto price,Attendance / biometric replacement,50,High,100,0.00,0.00,0%,0%
P4,essl aiface venus,Attendance / biometric replacement,50,Low,0,0.00,0.00,0%,0%
P4,essl attendance device,Attendance / biometric replacement,50,High,94,0.00,0.00,0%,0%
P4,essl attendance machine k30,Attendance / biometric replacement,50,High,91,0.00,0.00,0%,0%
P4,essl attendance machine k90,Attendance / biometric replacement,50,High,100,0.00,0.00,0%,0%
P4,essl biomax,Attendance / biometric replacement,50,Medium,55,0.00,0.00,0%,0%
P4,essl biometric attendance download,Attendance / biometric replacement,50,Low,0,0.00,0.00,0%,0%
P4,essl biometric attendance machine access control,Attendance / biometric replacement,50,High,87,0.00,0.00,0%,0%
P4,essl biometric attendance machine price,Attendance / biometric replacement,50,High,93,0.00,0.00,0%,0%
P4,essl biometric attendance system e9c wifi,Attendance / biometric replacement,50,Unknown,0,0.00,0.00,-100%,-100%
P4,essl biometric attendance system price,Attendance / biometric replacement,50,High,78,0.00,0.00,0%,0%
P4,essl biometric cloud,Attendance / biometric replacement,50,Medium,48,0.00,0.00,0%,0%
P4,essl biometric e9,Attendance / biometric replacement,50,Unknown,0,0.00,0.00,-100%,0%
P4,essl biometric f18,Attendance / biometric replacement,50,High,100,0.00,0.00,∞,0%
P4,essl biometric f18 price,Attendance / biometric replacement,50,Medium,53,0.00,0.00,0%,0%
P4,essl biometric f22,Attendance / biometric replacement,50,High,96,0.00,0.00,0%,0%
P4,essl biometric face reader,Attendance / biometric replacement,50,High,100,0.00,0.00,0%,0%
P4,essl biometric face reader price,Attendance / biometric replacement,50,High,100,0.00,0.00,∞,0%
P4,essl biometric fingerprint device,Attendance / biometric replacement,50,High,100,0.00,0.00,0%,0%
P4,essl biometric k20 price,Attendance / biometric replacement,50,Medium,50,0.00,0.00,0%,0%
P4,essl biometric k30 pro,Attendance / biometric replacement,50,High,86,0.00,0.00,0%,0%
P4,essl biometric mb160,Attendance / biometric replacement,50,High,89,0.00,0.00,0%,0%
P4,essl biometric mb160 price,Attendance / biometric replacement,50,High,97,0.00,0.00,0%,0%
P4,essl biometric mb20 price,Attendance / biometric replacement,50,High,70,0.00,0.00,0%,0%
P4,essl biometric reader,Attendance / biometric replacement,50,High,100,0.00,0.00,0%,0%
P4,essl biometric time attendance system,Attendance / biometric replacement,50,Unknown,0,0.00,0.00,0%,-100%
P4,essl biometric wireless,Attendance / biometric replacement,50,Unknown,0,0.00,0.00,0%,0%
P4,essl biometric with em lock,Attendance / biometric replacement,50,High,80,0.00,0.00,0%,0%
P4,essl card reader price,Attendance / biometric replacement,50,High,87,0.00,0.00,0%,0%
P4,essl door access,Attendance / biometric replacement,50,High,83,0.00,0.00,0%,0%
P4,essl e9c,Attendance / biometric replacement,50,Medium,66,0.00,0.00,0%,0%
P4,essl e9c wifi,Attendance / biometric replacement,50,Medium,41,0.00,0.00,0%,0%
P4,essl e9c wifi price,Attendance / biometric replacement,50,Medium,62,0.00,0.00,0%,0%
P4,essl eb20,Attendance / biometric replacement,50,Medium,51,0.00,0.00,0%,0%
P4,essl eface 990,Attendance / biometric replacement,50,High,71,0.00,0.00,0%,0%
P4,essl exit switch,Attendance / biometric replacement,50,Medium,34,0.00,0.00,0%,0%
P4,essl f 22,Attendance / biometric replacement,50,High,73,0.00,0.00,0%,0%
P4,essl f18 datasheet,Attendance / biometric replacement,50,Low,0,0.00,0.00,0%,0%
P4,essl f19 price,Attendance / biometric replacement,50,Low,0,0.00,0.00,∞,0%
P4,essl f22 biometric attendance machine,Attendance / biometric replacement,50,High,79,0.00,0.00,0%,0%
P4,essl f22 biometric attendance machine with access control,Attendance / biometric replacement,50,Unknown,0,0.00,0.00,0%,-100%
P4,essl f22 datasheet,Attendance / biometric replacement,50,Low,0,0.00,0.00,0%,0%
P4,essl f22 em lock connection,Attendance / biometric replacement,50,Low,0,0.00,0.00,0%,0%
P4,essl f22 id wifi,Attendance / biometric replacement,50,Medium,64,0.00,0.00,0%,0%
P4,essl face 302,Attendance / biometric replacement,50,High,67,0.00,0.00,0%,0%
P4,essl face and fingerprint time attendance machine,Attendance / biometric replacement,50,High,100,0.00,0.00,0%,0%
P4,essl face attendance system,Attendance / biometric replacement,50,High,100,0.00,0.00,0%,0%
P4,essl face detection,Attendance / biometric replacement,50,Unknown,0,0.00,0.00,-100%,-100%
P4,essl face detection biometric machine,Attendance / biometric replacement,50,High,100,0.00,0.00,0%,0%
P4,essl face device,Attendance / biometric replacement,50,High,97,0.00,0.00,0%,0%
P4,essl face mb160,Attendance / biometric replacement,50,Medium,66,0.00,0.00,0%,0%
P4,essl face reader price,Attendance / biometric replacement,50,High,86,0.00,0.00,0%,0%
P4,essl face reading machine,Attendance / biometric replacement,50,High,100,0.00,0.00,0%,0%
P4,essl face recognition attendance machine,Attendance / biometric replacement,50,High,70,0.00,0.00,0%,0%
P4,essl face recognition machine price,Attendance / biometric replacement,50,High,86,0.00,0.00,0%,0%
P4,essl face recognition machine software,Attendance / biometric replacement,50,Unknown,0,0.00,0.00,0%,0%
P4,essl face tm900,Attendance / biometric replacement,50,Medium,40,0.00,0.00,0%,0%
P4,essl fingerprint machine price,Attendance / biometric replacement,50,High,69,0.00,0.00,0%,0%
P4,essl i face 302,Attendance / biometric replacement,50,Unknown,0,0.00,0.00,0%,-100%
P4,essl i9c,Attendance / biometric replacement,50,Medium,41,0.00,0.00,0%,0%
P4,essl iclock 990,Attendance / biometric replacement,50,Medium,47,0.00,0.00,0%,0%
P4,essl iclock 990 biometric system,Attendance / biometric replacement,50,High,86,0.00,0.00,0%,0%
P4,essl iclock 990 price,Attendance / biometric replacement,50,Medium,56,0.00,0.00,0%,0%
P4,essl identix k20,Attendance / biometric replacement,50,Low,7,0.00,0.00,0%,0%
P4,essl identix k30 pro,Attendance / biometric replacement,50,High,74,0.00,0.00,0%,0%
P4,essl identix k30 pro id b biometric attendance machine,Attendance / biometric replacement,50,Unknown,0,0.00,0.00,0%,0%
P4,essl identix k90,Attendance / biometric replacement,50,Medium,33,0.00,0.00,0%,0%
P4,essl identix k90 pro,Attendance / biometric replacement,50,Medium,51,0.00,0.00,0%,0%
P4,essl iface 302,Attendance / biometric replacement,50,High,84,0.00,0.00,0%,0%
P4,essl k 30 pro,Attendance / biometric replacement,50,Medium,59,0.00,0.00,0%,0%
P4,essl k20,Attendance / biometric replacement,50,High,69,0.00,0.00,0%,0%
P4,essl k20 price,Attendance / biometric replacement,50,High,89,0.00,0.00,0%,0%
P4,essl k20 pro,Attendance / biometric replacement,50,High,73,0.00,0.00,0%,0%
P4,essl k20 pro price,Attendance / biometric replacement,50,Medium,57,0.00,0.00,∞,0%
P4,essl k21 biometric time attendance machine,Attendance / biometric replacement,50,Unknown,0,0.00,0.00,0%,0%
P4,essl k21 price,Attendance / biometric replacement,50,Medium,60,0.00,0.00,0%,0%
P4,essl k30 biometric device,Attendance / biometric replacement,50,High,100,0.00,0.00,0%,0%
P4,essl k30 biometric machine price,Attendance / biometric replacement,50,High,93,0.00,0.00,0%,0%
P4,essl k30 id b,Attendance / biometric replacement,50,Medium,41,0.00,0.00,0%,0%
P4,essl k30 pro biometric device,Attendance / biometric replacement,50,High,81,0.00,0.00,0%,0%
P4,essl k40,Attendance / biometric replacement,50,High,70,0.00,0.00,0%,0%
P4,essl k90 datasheet,Attendance / biometric replacement,50,Low,0,0.00,0.00,0%,0%
P4,essl k90 pro datasheet,Attendance / biometric replacement,50,Low,0,0.00,0.00,0%,0%
P4,essl k90 pro id b,Attendance / biometric replacement,50,Medium,57,0.00,0.00,0%,0%
P4,essl k90pro,Attendance / biometric replacement,50,Medium,54,0.00,0.00,0%,0%
P4,essl k990,Attendance / biometric replacement,50,Medium,37,0.00,0.00,0%,0%
P4,essl lx16,Attendance / biometric replacement,50,High,83,0.00,0.00,0%,0%
P4,essl lx16 price,Attendance / biometric replacement,50,High,100,0.00,0.00,∞,∞
P4,essl mb160 biometric attendance machine,Attendance / biometric replacement,50,Medium,61,0.00,0.00,0%,0%
P4,essl mb160 datasheet,Attendance / biometric replacement,50,Low,0,0.00,0.00,0%,0%
P4,essl mb20 datasheet,Attendance / biometric replacement,50,Low,0,0.00,0.00,0%,0%
P4,essl mb20 id,Attendance / biometric replacement,50,Medium,57,0.00,0.00,0%,0%
P4,essl mb20 id price,Attendance / biometric replacement,50,High,100,0.00,0.00,0%,0%
P4,essl mb660,Attendance / biometric replacement,50,Medium,38,0.00,0.00,0%,0%
P4,essl mt100 price,Attendance / biometric replacement,50,Unknown,0,0.00,0.00,-100%,0%
P4,essl multibio 700,Attendance / biometric replacement,50,Low,0,0.00,0.00,0%,0%
P4,essl no touch exit switch,Attendance / biometric replacement,50,Medium,34,0.00,0.00,0%,0%
P4,essl p160,Attendance / biometric replacement,50,Low,2,0.00,0.00,0%,0%
P4,essl pluto price,Attendance / biometric replacement,50,Medium,42,0.00,0.00,0%,0%
P4,essl push button,Attendance / biometric replacement,50,Low,29,0.00,0.00,0%,0%
P4,essl rfid,Attendance / biometric replacement,50,High,67,0.00,0.00,0%,0%
P4,essl s990,Attendance / biometric replacement,50,Medium,64,0.00,0.00,0%,0%
P4,essl sc403 price,Attendance / biometric replacement,50,Unknown,0,0.00,0.00,0%,-100%
P4,essl sc405 price,Attendance / biometric replacement,50,Medium,36,0.00,0.00,0%,0%
P4,essl security at fingerprint,Attendance / biometric replacement,50,High,86,0.00,0.00,0%,0%
P4,essl security fingertips,Attendance / biometric replacement,50,High,76,0.00,0.00,0%,0%
P4,essl sf100 price,Attendance / biometric replacement,50,High,83,0.00,0.00,0%,0%
P4,essl sface 900,Attendance / biometric replacement,50,Low,0,0.00,0.00,0%,0%
P4,essl sface900,Attendance / biometric replacement,50,Low,19,0.00,0.00,0%,0%
P4,essl sface900 price,Attendance / biometric replacement,50,Medium,43,0.00,0.00,0%,0%
P4,essl silk bio,Attendance / biometric replacement,50,High,71,0.00,0.00,0%,0%
P4,essl silkbio 100tc price,Attendance / biometric replacement,50,Unknown,0,0.00,0.00,0%,-100%
P4,essl thumb impression machine,Attendance / biometric replacement,50,High,100,0.00,0.00,0%,0%
P4,essl thumb machine,Attendance / biometric replacement,50,High,99,0.00,0.00,0%,0%
P4,essl u face 302,Attendance / biometric replacement,50,Medium,62,0.00,0.00,0%,0%
P4,essl u face 302 price,Attendance / biometric replacement,50,High,88,0.00,0.00,0%,0%
P4,essl u face 602,Attendance / biometric replacement,50,Medium,60,0.00,0.00,0%,0%
P4,essl uface602,Attendance / biometric replacement,50,Medium,43,0.00,0.00,0%,0%
P4,essl usb fingerprint reader,Attendance / biometric replacement,50,High,73,0.00,0.00,0%,0%
P4,essl visitor management system,Attendance / biometric replacement,50,Low,11,0.00,0.00,0%,0%
P4,essl wl20,Attendance / biometric replacement,50,Medium,55,0.00,0.00,0%,0%
P4,essl wl20 price,Attendance / biometric replacement,50,High,80,0.00,0.00,0%,0%
P4,essl x2008 biometric device,Attendance / biometric replacement,50,Medium,51,0.00,0.00,0%,0%
P4,essl x990 biometric attendance system,Attendance / biometric replacement,50,Medium,55,0.00,0.00,0%,0%
P4,essl x990 biometric price,Attendance / biometric replacement,50,Medium,63,0.00,0.00,0%,0%
P4,essl x990 biometric time & attendance machine,Attendance / biometric replacement,50,Unknown,0,0.00,0.00,0%,0%
P4,essl x990 c,Attendance / biometric replacement,50,High,82,0.00,0.00,0%,0%
P4,essl x990 c id,Attendance / biometric replacement,50,Medium,57,0.00,0.00,0%,0%
P4,essl x990 datasheet,Attendance / biometric replacement,50,Low,0,0.00,0.00,0%,0%
P4,essl x990 id,Attendance / biometric replacement,50,Medium,50,0.00,0.00,0%,0%
P4,essl x990 wifi,Attendance / biometric replacement,50,High,93,0.00,0.00,0%,0%
P4,essl x990c,Attendance / biometric replacement,50,High,73,0.00,0.00,0%,0%
P4,eye biometric attendance system,Attendance / biometric replacement,50,Medium,56,0.00,0.00,0%,0%
P4,eye retina attendance machine,Attendance / biometric replacement,50,Unknown,0,0.00,0.00,-100%,-100%
P4,eye scanner attendance machine,Attendance / biometric replacement,50,High,100,0.00,0.00,∞,∞
P4,eye scanner attendance system,Attendance / biometric replacement,50,High,100,0.00,0.00,0%,0%
P4,f18 attendance machine,Attendance / biometric replacement,50,Unknown,0,0.00,0.00,-100%,-100%
P4,f18 time attendance,Attendance / biometric replacement,50,Low,0,0.00,0.00,∞,∞
P4,face detection and attendance management system,Attendance / biometric replacement,50,High,86,0.00,0.00,∞,0%
P4,face detection attendance device,Attendance / biometric replacement,50,High,100,0.00,0.00,0%,0%
P4,face detection for attendance,Attendance / biometric replacement,50,High,68,0.00,0.00,0%,0%
P4,face reading biometric machine price,Attendance / biometric replacement,50,High,79,0.00,0.00,0%,∞
P4,face recognition attendance system essl,Attendance / biometric replacement,50,High,100,0.00,0.00,0%,0%
P4,face recognition attendance system vb net,Attendance / biometric replacement,50,Unknown,0,0.00,0.00,0%,-100%
P4,face recognition based attendance,Attendance / biometric replacement,50,Low,0,0.00,0.00,0%,0%
P4,face recognition based attendance management system,Attendance / biometric replacement,50,Medium,34,0.00,0.00,0%,0%
P4,face recognition based attendance marking system,Attendance / biometric replacement,50,Medium,43,0.00,0.00,0%,0%
P4,face recognition based lecture attendance system,Attendance / biometric replacement,50,Unknown,0,0.00,0.00,0%,0%
P4,face scan time attendance,Attendance / biometric replacement,50,Unknown,0,0.00,0.00,0%,0%
P4,face time attendance machine fa01,Attendance / biometric replacement,50,Unknown,0,0.00,0.00,-100%,0%
P4,facial clocking system,Other,50,Unknown,0,0.00,0.00,0%,0%
P4,facial recognition attendance system using python and opencv,Attendance / biometric replacement,50,Unknown,0,0.00,0.00,0%,-100%
P4,factory security camera system,Vertical: factory/warehouse/industry,50,Unknown,0,0.00,0.00,0%,-100%
P4,factory surveillance,Vertical: factory/warehouse/industry,50,Low,0,0.00,0.00,0%,0%
P4,finger punch time clock,Other,50,Low,0,0.00,0.00,0%,∞
P4,finger scan time and attendance,Attendance / biometric replacement,50,Unknown,0,0.00,0.00,0%,0%
P4,finger thumb machine price,Price / buying,50,Low,14,0.00,0.00,0%,0%
P4,fingerprint absence,Attendance / biometric replacement,50,Low,0,0.00,0.00,0%,0%
P4,fingerprint access control & time attendance system,Attendance / biometric replacement,50,Unknown,0,0.00,0.00,-100%,0%
P4,fingerprint attendance machine amazon,Attendance / biometric replacement,50,Medium,57,0.00,0.00,0%,0%
P4,fingerprint attendance price,Attendance / biometric replacement,50,High,71,0.00,0.00,0%,0%
P4,fingerprint attendance system cost,Attendance / biometric replacement,50,Unknown,0,0.00,0.00,-100%,0%
P4,fingerprint attendance system using python,Attendance / biometric replacement,50,Low,0,0.00,0.00,0%,∞
P4,fingerprint attendance system zkteco,Attendance / biometric replacement,50,High,100,0.00,0.00,∞,0%
P4,fingerprint based attendance management system,Attendance / biometric replacement,50,Low,0,0.00,0.00,∞,0%
P4,fingerprint scanner for office attendance,Attendance / biometric replacement,50,Medium,47,0.00,0.00,0%,∞
P4,fingerprint thumb machine,Attendance / biometric replacement,50,High,79,0.00,0.00,0%,0%
P4,fingerprint time attendance access control system,Attendance / biometric replacement,50,Unknown,0,0.00,0.00,-100%,0%
P4,fingerprint time attendance h0201,Attendance / biometric replacement,50,Low,5,0.00,0.00,0%,0%
P4,fingerprint time attendance recorder,Attendance / biometric replacement,50,Low,0,0.00,0.00,∞,∞
P4,fortuna biometric machine,Attendance / biometric replacement,50,Medium,54,0.00,0.00,0%,0%
P4,fty battery ip camera,Other,50,Unknown,0,0.00,0.00,0%,0%
P4,gprs based biometric attendance system,Attendance / biometric replacement,50,High,100,0.00,0.00,0%,0%
P4,gprs biometric attendance system,Attendance / biometric replacement,50,Unknown,0,0.00,0.00,0%,-100%
P4,hand punch attendance machine,Attendance / biometric replacement,50,Low,0,0.00,0.00,0%,0%
P4,handheld biometric attendance system,Attendance / biometric replacement,50,Medium,64,0.00,0.00,0%,0%
P4,hanvon face id f910 price,Price / buying,50,Low,0,0.00,0.00,0%,0%
P4,hikvision ai dashboard,AI CCTV / video analytics,50,Low,0,0.00,0.00,∞,∞
P4,hikvision attendance machine face recognition,Attendance / biometric replacement,50,High,94,0.00,0.00,0%,0%
P4,hikvision camera analytics,AI CCTV / video analytics,50,Unknown,0,0.00,0.00,0%,0%
P4,hikvision cctv camera dealers in ludhiana,CCTV install / service (local),50,Unknown,0,0.00,0.00,0%,0%
P4,hikvision dealers in ludhiana,CCTV install / service (local),50,Unknown,0,0.00,0.00,0%,-100%
P4,hikvision distributor in ludhiana,Other,50,Unknown,0,0.00,0.00,-100%,-100%
P4,hikvision face recognition time attendance,Attendance / biometric replacement,50,Unknown,0,0.00,0.00,0%,0%
P4,hikvision i series,Other,50,Low,0,0.00,0.00,∞,0%
P4,hikvision time attendance face recognition,Attendance / biometric replacement,50,High,100,0.00,0.00,0%,0%
P4,hikvision video analytics software,AI CCTV / video analytics,50,High,86,0.00,0.00,∞,0%
P4,home surveillance installation near me,CCTV install / service (local),50,Unknown,0,0.00,0.00,0%,0%
P4,hon bioem 500ta price,Price / buying,50,Unknown,0,0.00,0.00,-100%,-100%
P4,humanoid detection cctv,Other,50,Unknown,0,0.00,0.00,0%,-100%
P4,identix biometric attendance,Attendance / biometric replacement,50,High,71,0.00,0.00,0%,0%
P4,identix biometric k21,Attendance / biometric replacement,50,Medium,43,0.00,0.00,∞,∞
P4,identix biometric k90,Attendance / biometric replacement,50,High,71,0.00,0.00,∞,0%
P4,identix biometric k90 pro,Attendance / biometric replacement,50,Medium,63,0.00,0.00,0%,0%
P4,identix fingerprint machine,Attendance / biometric replacement,50,Medium,58,0.00,0.00,0%,0%
P4,identix k20,Other,50,Low,22,0.00,0.00,0%,0%
P4,identix k21,Other,50,Low,13,0.00,0.00,0%,0%
P4,identix k21 pro,Other,50,Low,0,0.00,0.00,0%,0%
P4,identix k30 price,Price / buying,50,Medium,57,0.00,0.00,∞,0%
P4,identix k30 pro access,Other,50,High,69,0.00,0.00,0%,0%
P4,identix k90,Other,50,Medium,54,0.00,0.00,0%,0%
P4,identix k90 pro,Other,50,Medium,47,0.00,0.00,0%,0%
P4,identix thumb machine,Other,50,Medium,38,0.00,0.00,0%,0%
P4,identix zkteco price,Price / buying,50,Unknown,0,0.00,0.00,0%,0%
P4,iface zkteco,Other,50,Unknown,0,0.00,0.00,0%,0%
P4,infotech face recognition,Other,50,Unknown,0,0.00,0.00,0%,0%
P4,intelligent video analysis software,AI CCTV / video analytics,50,Low,0,0.00,0.00,0%,0%
P4,intelligent video analytics software,AI CCTV / video analytics,50,Low,0,0.00,0.00,0%,0%
P4,ip camera analytics,AI CCTV / video analytics,50,Low,21,0.00,0.00,0%,∞
P4,iris attendance machine,Attendance / biometric replacement,50,Low,9,0.00,0.00,0%,0%
P4,iris based attendance system,Attendance / biometric replacement,50,Low,17,0.00,0.00,0%,0%
P4,iris scanner for attendance,Attendance / biometric replacement,50,Low,21,0.00,0.00,0%,0%
P4,k20 pro essl,Attendance / biometric replacement,50,Unknown,0,0.00,0.00,-100%,-100%
P4,k21 attendance machine,Attendance / biometric replacement,50,Medium,64,0.00,0.00,0%,0%
P4,k21 biometric,Attendance / biometric replacement,50,Medium,43,0.00,0.00,0%,0%
P4,k30 attendance machine,Attendance / biometric replacement,50,High,71,0.00,0.00,0%,0%
P4,k30 essl biometric,Attendance / biometric replacement,50,High,93,0.00,0.00,0%,0%
P4,k40 attendance machine,Attendance / biometric replacement,50,Low,12,0.00,0.00,0%,0%
P4,k40 biometric attendance device,Attendance / biometric replacement,50,Medium,66,0.00,0.00,0%,0%
P4,k40 time attendance,Attendance / biometric replacement,50,Medium,38,0.00,0.00,∞,∞
P4,k90 pro identix,Other,50,Low,14,0.00,0.00,∞,0%
P4,k90pro id b,Other,50,Low,24,0.00,0.00,0%,0%
P4,kent face attendance price,Attendance / biometric replacement,50,Unknown,0,0.00,0.00,0%,-100%
P4,kvic biometric attendance,Attendance / biometric replacement,50,Low,2,0.00,0.00,0%,0%
P4,laravel biometric attendance system,Attendance / biometric replacement,50,Unknown,0,0.00,0.00,0%,-100%
P4,low cost biometric attendance system,Attendance / biometric replacement,50,High,71,0.00,0.00,0%,0%
P4,ludhiana cctv,Other,50,Low,0,0.00,0.00,0%,0%
P4,mantra aadhaar based biometric attendance system,Attendance / biometric replacement,50,High,86,0.00,0.00,0%,0%
P4,mantra aadhaar enabled biometric attendance system,Attendance / biometric replacement,50,High,69,0.00,0.00,0%,0%
P4,mantra aebas,Attendance / biometric replacement,50,Low,13,0.00,0.00,0%,0%
P4,mantra attendance device,Attendance / biometric replacement,50,High,76,0.00,0.00,0%,0%
P4,mantra attendance machine price,Attendance / biometric replacement,50,High,99,0.00,0.00,0%,0%
P4,mantra biometric attendance,Attendance / biometric replacement,50,High,79,0.00,0.00,0%,0%
P4,mantra biometric attendance system,Attendance / biometric replacement,50,Low,26,0.00,0.00,-90%,0%
P4,mantra mbio 5n price,Price / buying,50,Medium,43,0.00,0.00,∞,0%
P4,mantra mfstab 3g,Other,50,Unknown,0,0.00,0.00,0%,-100%
P4,mantra mfstab ii,Other,50,Medium,45,0.00,0.00,0%,0%
P4,mantra time attendance,Attendance / biometric replacement,50,Medium,57,0.00,0.00,0%,0%
P4,matrix attendance machine cost,Attendance / biometric replacement,50,Low,21,0.00,0.00,∞,∞
P4,matrix attendance machine price,Attendance / biometric replacement,50,High,67,0.00,0.00,0%,0%
P4,matrix biometric attendance,Attendance / biometric replacement,50,Low,29,0.00,0.00,0%,0%
P4,matrix biometric attendance system,Attendance / biometric replacement,50,Low,16,0.00,0.00,0%,0%
P4,matrix biometric attendance system price,Attendance / biometric replacement,50,Unknown,0,0.00,0.00,-100%,-100%
P4,matrix biometric device price,Attendance / biometric replacement,50,High,95,0.00,0.00,0%,0%
P4,matrix biometric price,Attendance / biometric replacement,50,Medium,41,0.00,0.00,0%,0%
P4,matrix biometric reader,Attendance / biometric replacement,50,Low,14,0.00,0.00,0%,0%
P4,matrix biometric system,Attendance / biometric replacement,50,Low,29,0.00,0.00,0%,0%
P4,matrix time attendance machine,Attendance / biometric replacement,50,Medium,57,0.00,0.00,0%,0%
P4,matrix time attendance system,Attendance / biometric replacement,50,Low,4,0.00,0.00,0%,0%
P4,mb160 id face finger card,Other,50,High,93,0.00,0.00,0%,0%
P4,mb660 essl,Attendance / biometric replacement,50,Unknown,0,0.00,0.00,0%,0%
P4,mcgm biometric attendance system,Attendance / biometric replacement,50,Unknown,0,0.00,0.00,-100%,-100%
P4,mdi attendance machine,Attendance / biometric replacement,50,Low,0,0.00,0.00,∞,0%
P4,mdi fingerprint time attendance,Attendance / biometric replacement,50,High,100,0.00,0.00,∞,0%
P4,mfstab 2,Other,50,Low,0,0.00,0.00,∞,0%
P4,mi biometric attendance,Attendance / biometric replacement,50,Unknown,0,0.00,0.00,0%,0%
P4,mobile biometric device price,Attendance / biometric replacement,50,Medium,51,0.00,0.00,0%,0%
P4,morpho time attendance,Attendance / biometric replacement,50,Unknown,0,0.00,0.00,-100%,0%
P4,multimedia fingerprint time attendance,Attendance / biometric replacement,50,Low,6,0.00,0.00,0%,∞
P4,multimedia fingerprint time attendance h0201,Attendance / biometric replacement,50,Low,0,0.00,0.00,0%,∞
P4,nationwide cctv,Other,50,Unknown,0,0.00,0.00,0%,0%
P4,ncheck bio attendance,Attendance / biometric replacement,50,Unknown,0,0.00,0.00,-100%,-100%
P4,nic biometric attendance,Attendance / biometric replacement,50,Low,0,0.00,0.00,0%,0%
P4,nmc biometric attendance system,Attendance / biometric replacement,50,Low,0,0.00,0.00,0%,0%
P4,nsi cctv,Other,50,Unknown,0,0.00,0.00,-100%,0%
P4,odoo attendance fingerprint,Attendance / biometric replacement,50,Unknown,0,0.00,0.00,-100%,-100%
P4,odoo fingerprint attendance,Attendance / biometric replacement,50,Low,0,0.00,0.00,0%,0%
P4,office attendant machine,Vertical: retail/shop/office/school,50,Medium,56,0.00,0.00,0%,0%
P4,office biometric devices,Attendance / biometric replacement,50,Unknown,0,0.00,0.00,-100%,-100%
P4,offline biometric attendance machine,Attendance / biometric replacement,50,Medium,57,0.00,0.00,∞,0%
P4,online fingerprint attendance system,Attendance / biometric replacement,50,Unknown,0,0.00,0.00,0%,-100%
P4,portable biometric machine,Attendance / biometric replacement,50,Medium,48,0.00,0.00,0%,0%
P4,price biometric attendance machine,Attendance / biometric replacement,50,Low,0,0.00,0.00,0%,0%
P4,punch card attendance machine price,Attendance / biometric replacement,50,High,100,0.00,0.00,0%,0%
P4,quick pick dahua,Other,50,Unknown,0,0.00,0.00,0%,0%
P4,real time biometric attendance machine price,Attendance / biometric replacement,50,Unknown,0,0.00,0.00,0%,0%
P4,real time biometric attendance system,Attendance / biometric replacement,50,Low,20,0.00,0.00,0%,0%
P4,real time biometric c101 price,Attendance / biometric replacement,50,High,89,0.00,0.00,0%,0%
P4,real time biometric device,Attendance / biometric replacement,50,High,89,0.00,0.00,0%,0%
P4,real time biometric door lock,Attendance / biometric replacement,50,High,100,0.00,0.00,0%,0%
P4,real time biometric system,Attendance / biometric replacement,50,High,80,0.00,0.00,0%,0%
P4,real time c121ta price,Price / buying,50,Low,17,0.00,0.00,0%,0%
P4,real time thumb machine,Other,50,High,78,0.00,0.00,0%,0%
P4,realsoft attendance machine,Attendance / biometric replacement,50,Unknown,0,0.00,0.00,-100%,0%
P4,realtek attendance machine,Attendance / biometric replacement,50,Low,21,0.00,0.00,0%,0%
P4,realtime aadhaar based biometric,Attendance / biometric replacement,50,Medium,63,0.00,0.00,0%,0%
P4,realtime aadhaar enabled biometric,Attendance / biometric replacement,50,High,95,0.00,0.00,0%,0%
P4,realtime aadhaar fingerprint reader t502,Attendance / biometric replacement,50,High,100,0.00,0.00,0%,0%
P4,realtime biometric attendance device,Attendance / biometric replacement,50,High,100,0.00,0.00,∞,0%
P4,realtime biometric attendance machine price,Attendance / biometric replacement,50,Medium,57,0.00,0.00,0%,0%
P4,realtime biometric c101,Attendance / biometric replacement,50,High,90,0.00,0.00,0%,0%
P4,realtime biometric c121ta,Attendance / biometric replacement,50,Low,0,0.00,0.00,0%,0%
P4,realtime biometric fingerprint attendance machine,Attendance / biometric replacement,50,High,100,0.00,0.00,0%,0%
P4,realtime biometric rs 10,Attendance / biometric replacement,50,High,81,0.00,0.00,0%,0%
P4,realtime biometric rs20,Attendance / biometric replacement,50,Low,0,0.00,0.00,0%,0%
P4,realtime biometric t304f,Attendance / biometric replacement,50,High,83,0.00,0.00,0%,0%
P4,realtime biometric t304f price,Attendance / biometric replacement,50,High,100,0.00,0.00,0%,0%
P4,realtime biometric t401f,Attendance / biometric replacement,50,Low,7,0.00,0.00,0%,0%
P4,realtime biometric t502,Attendance / biometric replacement,50,High,100,0.00,0.00,0%,0%
P4,realtime biometric t52,Attendance / biometric replacement,50,High,71,0.00,0.00,0%,0%
P4,realtime biometric t52f,Attendance / biometric replacement,50,High,100,0.00,0.00,0%,0%
P4,realtime c101w,Other,50,High,100,0.00,0.00,0%,0%
P4,realtime c121ta,Other,50,Medium,56,0.00,0.00,0%,0%
P4,realtime c121ta biometric attendance machine,Attendance / biometric replacement,50,High,100,0.00,0.00,0%,0%
P4,realtime eco 5 c121ta,Other,50,High,67,0.00,0.00,∞,0%
P4,realtime eco s c101,Other,50,Low,0,0.00,0.00,0%,0%
P4,realtime fingerprint reader,Attendance / biometric replacement,50,High,93,0.00,0.00,0%,0%
P4,realtime rs 20,Other,50,Medium,60,0.00,0.00,0%,0%
P4,realtime rs 9n,Other,50,High,91,0.00,0.00,0%,0%
P4,realtime rs10+,Other,50,High,71,0.00,0.00,0%,0%
P4,realtime t304f biometric fingerprints & face time attendance machine,Attendance / biometric replacement,50,Unknown,0,0.00,0.00,0%,-100%
P4,realtime t304f price,Price / buying,50,High,96,0.00,0.00,0%,0%
P4,realtime t401f,Other,50,Medium,37,0.00,0.00,0%,0%
P4,realtime t401f plus,Other,50,Unknown,0,0.00,0.00,0%,0%
P4,realtime t401f price,Price / buying,50,Medium,39,0.00,0.00,0%,0%
P4,realtime t502l price,Price / buying,50,High,97,0.00,0.00,0%,0%
P4,realtime t52 biometric attendance system,Attendance / biometric replacement,50,High,86,0.00,0.00,0%,0%
P4,realtime t52 price,Price / buying,50,High,86,0.00,0.00,0%,0%
P4,realtime t52f pro,Other,50,Medium,50,0.00,0.00,0%,0%
P4,realtime t60 biometric attendance machine,Attendance / biometric replacement,50,High,100,0.00,0.00,0%,0%
P4,registered cctv installer,CCTV install / service (local),50,Unknown,0,0.00,0.00,0%,0%
P4,retina attendance machine,Attendance / biometric replacement,50,High,90,0.00,0.00,0%,0%
P4,retina biometric attendance system,Attendance / biometric replacement,50,Low,17,0.00,0.00,0%,0%
P4,retina scan attendance machine,Attendance / biometric replacement,50,Unknown,0,0.00,0.00,-100%,-100%
P4,s b100cb price,Price / buying,50,High,71,0.00,0.00,0%,0%
P4,s b251cb price,Price / buying,50,Low,27,0.00,0.00,0%,0%
P4,s fb3k price,Price / buying,50,High,79,0.00,0.00,0%,0%
P4,s fb3k secureye,Other,50,Medium,55,0.00,0.00,0%,0%
P4,s fb5k price,Price / buying,50,High,77,0.00,0.00,0%,0%
P4,sbj attendance machine,Attendance / biometric replacement,50,Unknown,0,0.00,0.00,0%,0%
P4,secureye aadhaar biometric,Attendance / biometric replacement,50,Low,32,0.00,0.00,0%,0%
P4,secureye aadhaar biometric price,Attendance / biometric replacement,50,High,68,0.00,0.00,0%,0%
P4,secureye biometric attendance,Attendance / biometric replacement,50,High,96,0.00,0.00,0%,0%
P4,secureye biometric attendance machine price,Attendance / biometric replacement,50,High,96,0.00,0.00,0%,0%
P4,secureye biometric s b250cb,Attendance / biometric replacement,50,Unknown,0,0.00,0.00,0%,0%
P4,secureye biometric s b251cb,Attendance / biometric replacement,50,Medium,33,0.00,0.00,0%,0%
P4,secureye biometric s b7cb,Attendance / biometric replacement,50,Low,0,0.00,0.00,0%,0%
P4,secureye biometric s fb5k price,Attendance / biometric replacement,50,High,74,0.00,0.00,0%,0%
P4,secureye biometric system,Attendance / biometric replacement,50,High,98,0.00,0.00,0%,0%
P4,secureye ip fingerprint reader s fb3k,Attendance / biometric replacement,50,Medium,36,0.00,0.00,0%,0%
P4,secureye s b100cb price,Price / buying,50,Medium,62,0.00,0.00,0%,0%
P4,secureye s b250cb,Other,50,Low,7,0.00,0.00,0%,0%
P4,secureye s b251cb,Other,50,Low,21,0.00,0.00,0%,0%
P4,secureye s b251cb price,Price / buying,50,Medium,35,0.00,0.00,0%,0%
P4,secureye s b9cb,Other,50,Low,0,0.00,0.00,0%,0%
P4,secureye s fb3k installation,CCTV install / service (local),50,Low,0,0.00,0.00,0%,0%
P4,secureye s fb3k software,Other,50,Low,2,0.00,0.00,0%,0%
P4,secureye s fb4k price,Price / buying,50,Medium,61,0.00,0.00,0%,0%
P4,secureye s fb5k,Other,50,Low,8,0.00,0.00,0%,0%
P4,secureye s fb5k installation,CCTV install / service (local),50,Low,0,0.00,0.00,0%,0%
P4,secureye s fb5k price,Price / buying,50,Medium,57,0.00,0.00,0%,0%
P4,secureye sab200,Other,50,Unknown,0,0.00,0.00,-100%,-100%
P4,secureye sb 50,Other,50,Low,14,0.00,0.00,0%,0%
P4,secureye sb7cb,Other,50,Low,29,0.00,0.00,0%,0%
P4,secureye time attendance,Attendance / biometric replacement,50,High,87,0.00,0.00,0%,0%
P4,security camera video analytics,AI CCTV / video analytics,50,Unknown,0,0.00,0.00,-100%,-100%
P4,security system in warehouse management,Vertical: factory/warehouse/industry,50,Unknown,0,0.00,0.00,-100%,0%
P4,secuzaa biometric,Attendance / biometric replacement,50,High,93,0.00,0.00,∞,0%
P4,sface900 essl,Attendance / biometric replacement,50,Low,0,0.00,0.00,0%,0%
P4,single finger biometric device,Attendance / biometric replacement,50,Medium,64,0.00,0.00,0%,0%
P4,sira approved cctv cameras,Other,50,Unknown,0,0.00,0.00,-100%,-100%
P4,smart ai security camera,AI CCTV / video analytics,50,High,75,0.00,0.00,0%,0%
P4,smart camera analytics,AI CCTV / video analytics,50,Unknown,0,0.00,0.00,-100%,-100%
P4,smart card attendance system price,Attendance / biometric replacement,50,Unknown,0,0.00,0.00,0%,-100%
P4,smc biometric attendance,Attendance / biometric replacement,50,Low,0,0.00,0.00,0%,0%
P4,sprinter time attendance,Attendance / biometric replacement,50,Unknown,0,0.00,0.00,0%,0%
P4,startek morpho,Other,50,High,71,0.00,0.00,0%,0%
P4,stl biometric attendance system,Attendance / biometric replacement,50,Low,0,0.00,0.00,0%,0%
P4,student biometric attendance,Attendance / biometric replacement,50,Low,13,0.00,0.00,0%,0%
P4,suprema attendance machine,Attendance / biometric replacement,50,Medium,49,0.00,0.00,0%,0%
P4,surveillance camera warehouse,Vertical: factory/warehouse/industry,50,Unknown,0,0.00,0.00,0%,0%
P4,t304f realtime,Other,50,Medium,60,0.00,0.00,0%,0%
P4,t401f realtime,Other,50,Medium,40,0.00,0.00,0%,0%
P4,t502l realtime,Other,50,Medium,56,0.00,0.00,0%,0%
P4,thumb attendance system,Attendance / biometric replacement,50,High,100,0.00,0.00,0%,0%
P4,thumb impression biometric device,Attendance / biometric replacement,50,Low,25,0.00,0.00,0%,0%
P4,thumb machine for office price,Vertical: retail/shop/office/school,50,High,96,0.00,0.00,0%,0%
P4,time access biometric machine,Attendance / biometric replacement,50,Unknown,0,0.00,0.00,-100%,0%
P4,time and attendance facial recognition,Attendance / biometric replacement,50,Unknown,0,0.00,0.00,0%,0%
P4,time and attendance systems suppliers,Attendance / biometric replacement,50,Unknown,0,0.00,0.00,0%,0%
P4,time attendance card punching machine,Attendance / biometric replacement,50,High,100,0.00,0.00,0%,0%
P4,time attendance machine price,Attendance / biometric replacement,50,High,95,0.00,0.00,0%,0%
P4,time attendance system price,Attendance / biometric replacement,50,High,100,0.00,0.00,∞,0%
P4,time attendance terminal zkteco,Attendance / biometric replacement,50,Low,0,0.00,0.00,0%,0%
P4,time dynamo attendance machine,Attendance / biometric replacement,50,Unknown,0,0.00,0.00,0%,-100%
P4,time dynamo biometric,Attendance / biometric replacement,50,Unknown,0,0.00,0.00,0%,-100%
P4,time office fingerprint and cloud based attendance machine,Attendance / biometric replacement,50,Unknown,0,0.00,0.00,0%,0%
P4,timewatch bio 1 time & attendance,Attendance / biometric replacement,50,Unknown,0,0.00,0.00,0%,-100%
P4,top 10 biometric attendance system,Attendance / biometric replacement,50,Unknown,0,0.00,0.00,0%,-100%
P4,top 10 biometric devices,Attendance / biometric replacement,50,High,100,0.00,0.00,∞,0%
P4,top 5 attendance machine,Attendance / biometric replacement,50,High,79,0.00,0.00,0%,0%
P4,top biometric attendance system,Attendance / biometric replacement,50,Low,0,0.00,0.00,0%,0%
P4,top biometric devices,Attendance / biometric replacement,50,Medium,43,0.00,0.00,0%,0%
P4,touchless attendance machine,Attendance / biometric replacement,50,Unknown,0,0.00,0.00,-100%,0%
P4,touchless face attendance system,Attendance / biometric replacement,50,Unknown,0,0.00,0.00,-100%,-100%
P4,urbanclap cctv camera,Other,50,Unknown,0,0.00,0.00,-100%,-100%
P4,urbanclap cctv installation,CCTV install / service (local),50,Low,27,0.00,0.00,0%,0%
P4,video camera analytics,AI CCTV / video analytics,50,Low,10,0.00,0.00,0%,0%
P4,virdi attendance machine,Attendance / biometric replacement,50,Low,19,0.00,0.00,0%,0%
P4,virdi time and attendance,Attendance / biometric replacement,50,Low,0,0.00,0.00,∞,∞
P4,virdi time attendance,Attendance / biometric replacement,50,Unknown,0,0.00,0.00,0%,0%
P4,vms analytics,AI CCTV / video analytics,50,Low,16,0.00,0.00,0%,0%
P4,warehouse surveillance solution,Vertical: factory/warehouse/industry,50,Unknown,0,0.00,0.00,0%,0%
P4,wifi based biometric attendance machine,Attendance / biometric replacement,50,High,100,0.00,0.00,0%,0%
P4,wifi fingerprint time clock,Attendance / biometric replacement,50,Unknown,0,0.00,0.00,0%,0%
P4,wireless biometric attendance machine,Attendance / biometric replacement,50,High,89,0.00,0.00,0%,0%
P4,wireless biometric device price,Attendance / biometric replacement,50,Medium,54,0.00,0.00,0%,0%
P4,wireless fingerprint attendance system,Attendance / biometric replacement,50,Unknown,0,0.00,0.00,-100%,0%
P4,wl20 essl,Attendance / biometric replacement,50,Low,29,0.00,0.00,0%,0%
P4,x990 biomax,Other,50,Low,0,0.00,0.00,0%,0%
P4,x990 biometric machine,Attendance / biometric replacement,50,High,95,0.00,0.00,0%,0%
P4,x990 c biometric device,Attendance / biometric replacement,50,High,71,0.00,0.00,0%,0%
P4,zicom attendance machine,Attendance / biometric replacement,50,Low,14,0.00,0.00,0%,0%
P4,zicom biometric,Attendance / biometric replacement,50,Low,19,0.00,0.00,0%,0%
P4,zicom biometric attendance system,Attendance / biometric replacement,50,Medium,43,0.00,0.00,0%,0%
P4,zkteco attendance device,Attendance / biometric replacement,50,High,95,0.00,0.00,0%,0%
P4,zkteco biometric device price,Attendance / biometric replacement,50,High,82,0.00,0.00,0%,0%
P4,zkteco biometric fingerprint time attendance,Attendance / biometric replacement,50,High,86,0.00,0.00,0%,0%
P4,zkteco device,Other,50,Low,31,0.00,0.00,0%,0%
P4,zkteco devices,Other,50,Low,31,0.00,0.00,0%,0%
P4,zkteco f18 biometric reader,Attendance / biometric replacement,50,Low,0,0.00,0.00,∞,∞
P4,zkteco face id,Other,50,High,100,0.00,0.00,∞,∞
P4,zkteco face reader,Other,50,High,100,0.00,0.00,0%,0%
P4,zkteco face recognition device,Other,50,Medium,66,0.00,0.00,0%,0%
P4,zkteco facial identification terminal,Other,50,Medium,36,0.00,0.00,0%,∞
P4,zkteco k40 fingerprint time attendance,Attendance / biometric replacement,50,Unknown,0,0.00,0.00,-100%,0%
P4,zkteco time and attendance,Attendance / biometric replacement,50,Unknown,0,0.00,0.00,-100%,-100%
P4,zkteco time and attendance terminal,Attendance / biometric replacement,50,Unknown,0,0.00,0.00,0%,-100%
P4,zkteco time attendance machine,Attendance / biometric replacement,50,Unknown,0,0.00,0.00,-100%,-100%
P4,zkteco time attendance machine price,Attendance / biometric replacement,50,Unknown,0,0.00,0.00,0%,-100%
P4,zkteco wifi time attendance terminal,Attendance / biometric replacement,50,Low,0,0.00,0.00,∞,∞
P4,best fingerprint clocking in machine,Attendance / biometric replacement,0,Unknown,0,0.00,0.00,0%,0%
P4,thumbprint clock in machine,Attendance / biometric replacement,0,Unknown,0,0.00,0.00,0%,0%
P4,face recognition clocking in machine,Other,0,Unknown,0,0.00,0.00,0%,0%
P4,face recognition time clock system,Other,0,Unknown,0,0.00,0.00,0%,0%
P4,time clock with finger scanner,Other,0,Unknown,0,0.00,0.00,0%,0%
P4,employee time clock biometric system,Attendance / biometric replacement,0,Unknown,0,0.00,0.00,0%,-100%
P4,best warehouse security system,Vertical: factory/warehouse/industry,0,Unknown,0,0.00,0.00,0%,-100%
P4,clocking in machine face recognition,Other,0,Unknown,0,0.00,0.00,0%,0%
P4,companies that install outdoor security cameras,CCTV install / service (local),0,Unknown,0,0.00,0.00,0%,0%
P4,cost for home security system installation,CCTV install / service (local),0,Unknown,0,0.00,0.00,0%,0%
P4,best warehouse security cameras,Vertical: factory/warehouse/industry,0,Unknown,0,0.00,0.00,0%,0%
P4,employee time clock finger scan,Other,0,Unknown,0,0.00,0.00,0%,0%
P4,home video surveillance system installers near me,CCTV install / service (local),0,Unknown,0,0.00,0.00,0%,0%
P4,biometric facial recognition time clock,Attendance / biometric replacement,0,Unknown,0,0.00,0.00,0%,0%
P4,security camera system installation company,CCTV install / service (local),0,Unknown,0,0.00,0.00,0%,0%
P4,biotime clocking systems,Other,0,Unknown,0,0.00,0.00,0%,0%
P4,employee attendance system using fingerprint,Attendance / biometric replacement,0,Unknown,0,0.00,0.00,0%,0%
P4,attendance management fingerprint download,Attendance / biometric replacement,0,Unknown,0,0.00,0.00,0%,0%
P4,biometric fingerprint clocking system,Attendance / biometric replacement,0,Unknown,0,0.00,0.00,0%,0%
P4,cloud based biometric time clock,Attendance / biometric replacement,0,Unknown,0,0.00,0.00,0%,0%
P4,best fingerprint time clock system,Attendance / biometric replacement,0,Unknown,0,0.00,0.00,0%,0%
P4,amano fingerprint time clock system,Attendance / biometric replacement,0,Unknown,0,0.00,0.00,0%,0%
P4,timeqplus biometric,Attendance / biometric replacement,0,Unknown,0,0.00,0.00,0%,0%
P4,alarm and camera warehouse,Vertical: factory/warehouse/industry,0,Unknown,0,0.00,0.00,0%,0%
P4,adp biometric clock,Attendance / biometric replacement,0,Unknown,0,0.00,0.00,0%,0%
P4,biosystem fingerprint time attendance system,Attendance / biometric replacement,0,Unknown,0,0.00,0.00,0%,0%
P4,8mp tioc dahua,Other,0,Unknown,0,0.00,0.00,0%,0%
P4,adobe omniture tutorial,Other,0,Unknown,0,0.00,0.00,0%,0%
P4,analytics platform video,AI CCTV / video analytics,0,Unknown,0,0.00,0.00,0%,0%
P4,analytics software video,AI CCTV / video analytics,0,Unknown,0,0.00,0.00,0%,0%
P4,attendance machine management,Attendance / biometric replacement,0,Unknown,0,0.00,0.00,0%,-100%
P4,attendance monitoring system using biometrics,Attendance / biometric replacement,0,Unknown,0,0.00,0.00,0%,0%
P4,attendance system using iris recognition,Attendance / biometric replacement,0,Unknown,0,0.00,0.00,0%,0%
P4,attendance system using thumb scanner,Attendance / biometric replacement,0,Unknown,0,0.00,0.00,0%,0%
P4,best fingerprint time attendance system,Attendance / biometric replacement,0,Unknown,0,0.00,0.00,0%,0%
P4,bio time clocking systems,Other,0,Unknown,0,0.00,0.00,0%,0%
P4,biometric attendance system mcgm,Attendance / biometric replacement,0,Unknown,0,0.00,0.00,0%,0%
P4,biometric attendance system v8 1.0 2,Attendance / biometric replacement,0,Unknown,0,0.00,0.00,0%,0%
P4,biometric fingerprint attendance time clock,Attendance / biometric replacement,0,Unknown,0,0.00,0.00,0%,0%
P4,biometric hand time clock,Attendance / biometric replacement,0,Unknown,0,0.00,0.00,0%,0%
P4,biometric punch card system,Attendance / biometric replacement,0,Unknown,0,0.00,0.00,0%,0%
P4,biometric solutions time attendance access control,Attendance / biometric replacement,0,Unknown,0,0.00,0.00,0%,0%
P4,biometrics & fingerprint time and attendance systems,Attendance / biometric replacement,0,Unknown,0,0.00,0.00,0%,0%
P4,bmc biometric attendance system,Attendance / biometric replacement,0,Unknown,0,0.00,0.00,0%,0%
P4,camera ai dahua,AI CCTV / video analytics,0,Unknown,0,0.00,0.00,0%,0%
P4,camera dahua wizsense,Other,0,Unknown,0,0.00,0.00,0%,0%
P4,clocking in systems fingerprint,Attendance / biometric replacement,0,Unknown,0,0.00,0.00,0%,0%
P4,dahua tioc 8mp review,Price / buying,0,Unknown,0,0.00,0.00,0%,-100%
P4,deli fingerprint time attendance,Attendance / biometric replacement,0,Unknown,0,0.00,0.00,0%,0%
P4,ds k1t341amf time attendance,Attendance / biometric replacement,0,Unknown,0,0.00,0.00,0%,0%
P4,essl biometric attendance machine am security system,Attendance / biometric replacement,0,Unknown,0,0.00,0.00,0%,0%
P4,essl temperature sensor,Attendance / biometric replacement,0,Unknown,0,0.00,0.00,0%,0%
P4,everseen video analytics,AI CCTV / video analytics,0,Unknown,0,0.00,0.00,0%,-100%
P4,face detection class attendance system,Attendance / biometric replacement,0,Unknown,0,0.00,0.00,0%,0%
P4,face detection system for attendance of class students,Attendance / biometric replacement,0,Unknown,0,0.00,0.00,0%,0%
P4,face recognition attendance system with temperature,Attendance / biometric replacement,0,Unknown,0,0.00,0.00,0%,0%
P4,fingerprint attendance system 4.8 8 download,Attendance / biometric replacement,0,Unknown,0,0.00,0.00,0%,0%
P4,fingerprint machine suppliers,Attendance / biometric replacement,0,Unknown,0,0.00,0.00,0%,0%
P4,hand punch attendance system,Attendance / biometric replacement,0,Unknown,0,0.00,0.00,0%,0%
P4,hanvon face id f710 price,Price / buying,0,Unknown,0,0.00,0.00,0%,0%
P4,iris based attendance monitoring system,Attendance / biometric replacement,0,Unknown,0,0.00,0.00,0%,0%
P4,iris recognition attendance management system,Attendance / biometric replacement,0,Unknown,0,0.00,0.00,0%,0%
P4,k 30 biometric fingerprint reader time & attendance,Attendance / biometric replacement,0,Unknown,0,0.00,0.00,0%,0%
P4,mitrefinch finger scanner,Other,0,Unknown,0,0.00,0.00,0%,0%
P4,mobile fingerprint attendance system,Attendance / biometric replacement,0,Unknown,0,0.00,0.00,0%,0%
P4,nideka fingerprint time attendance system,Attendance / biometric replacement,0,Unknown,0,0.00,0.00,0%,0%
P4,ptz wifi ip 1080p humanoid,Other,0,Unknown,0,0.00,0.00,0%,0%
P4,realtime biometric rs405,Attendance / biometric replacement,0,Unknown,0,0.00,0.00,0%,-100%
P4,realtime t401f plus price,Price / buying,0,Unknown,0,0.00,0.00,0%,0%
P4,security camera warehouse near me,CCTV install / service (local),0,Unknown,0,0.00,0.00,0%,0%
P4,smd 4.0 dahua,Other,0,Unknown,0,0.00,0.00,0%,0%
P4,sricam sp028 wireless ip outdoor camera 1080p night vision ip66,Other,0,Unknown,0,0.00,0.00, --, --
P4,the warehouse security camera,Vertical: factory/warehouse/industry,0,Unknown,0,0.00,0.00,0%,0%
P4,thumb scan time clock,Other,0,Unknown,0,0.00,0.00,0%,0%
P4,time attendance management system zkteco,Attendance / biometric replacement,0,Unknown,0,0.00,0.00,0%,0%
P4,timeoffice biometric time & attendance,Attendance / biometric replacement,0,Unknown,0,0.00,0.00,0%,0%
