cluster,keyword,intent,avg_monthly_searches_india,source,bid_low_inr,bid_high_inr,gsc_90d_position,existing_url,action,evidence_confidence,priority
attendance-national,biometric attendance,commercial,50000,Google Keyword Planner export content/PGAK-keyword-master.csv (India),20.58,132.75,,/biometric-attendance,attendance product page; local pack via GBP services,volume: Planner (real); local share: unknown,P2
near-me-local,cctv installation companies near me,local/transactional,50000,Google Keyword Planner export content/PGAK-keyword-master.csv (India),7.49,44.14,,/cctv-installation-company,installation page; add Ludhiana block + GBP; 'near me' is Maps-pack driven,volume: Planner (real); local share: unknown,P1
attendance-national,biometric attendance system,commercial,5000,Google Keyword Planner export content/PGAK-keyword-master.csv (India),30.08,157.68,,/biometric-attendance,attendance product page; local pack via GBP services,volume: Planner (real); local share: unknown,P2
attendance-national,attendance machine,commercial,5000,Google Keyword Planner export content/PGAK-keyword-master.csv (India),3.06,128.22,,/biometric-attendance,attendance product page; local pack via GBP services,volume: Planner (real); local share: unknown,P2
attendance-national,biometric attendance machine,commercial,5000,Google Keyword Planner export content/PGAK-keyword-master.csv (India),2.85,122.02,,/biometric-attendance,attendance product page; local pack via GBP services,volume: Planner (real); local share: unknown,P2
attendance-national,attendance punching machine,commercial,5000,Google Keyword Planner export content/PGAK-keyword-master.csv (India),2.68,99.18,,/biometric-attendance,attendance product page; local pack via GBP services,volume: Planner (real); local share: unknown,P2
attendance-national,face attendance machine,commercial,5000,Google Keyword Planner export content/PGAK-keyword-master.csv (India),4.63,92.47,,/biometric-attendance,attendance product page; local pack via GBP services,volume: Planner (real); local share: unknown,P2
attendance-national,fingerprint attendance machine,commercial,5000,Google Keyword Planner export content/PGAK-keyword-master.csv (India),1.64,89.35,,/biometric-attendance,attendance product page; local pack via GBP services,volume: Planner (real); local share: unknown,P2
attendance-national,thumbprint attendance machine,commercial,5000,Google Keyword Planner export content/PGAK-keyword-master.csv (India),1.64,89.35,,/biometric-attendance,attendance product page; local pack via GBP services,volume: Planner (real); local share: unknown,P2
attendance-national,finger attendance machine,commercial,5000,Google Keyword Planner export content/PGAK-keyword-master.csv (India),1.64,89.35,,/biometric-attendance,attendance product page; local pack via GBP services,volume: Planner (real); local share: unknown,P2
attendance-national,biometric attendance machine price,commercial,5000,Google Keyword Planner export content/PGAK-keyword-master.csv (India),1.27,78.06,,/biometric-attendance,attendance product page; local pack via GBP services,volume: Planner (real); local share: unknown,P2
near-me-local,biometric attendance near me,local/transactional,500,Google Keyword Planner export content/PGAK-keyword-master.csv (India),26.77,219.18,,/biometric-attendance,attendance product page; local pack via GBP services,volume: Planner (real); local share: unknown,P2
attendance-national,employee biometric attendance,commercial,500,Google Keyword Planner export content/PGAK-keyword-master.csv (India),22.19,142.06,,/biometric-attendance,attendance product page; local pack via GBP services,volume: Planner (real); local share: unknown,P2
attendance-national,real time biometric attendance,commercial,500,Google Keyword Planner export content/PGAK-keyword-master.csv (India),26.37,127.15,,/biometric-attendance,attendance product page; local pack via GBP services,volume: Planner (real); local share: unknown,P2
attendance-national,aadhaar based biometric attendance system,commercial,500,Google Keyword Planner export content/PGAK-keyword-master.csv (India),27.10,121.58,,/biometric-attendance,attendance product page; local pack via GBP services,volume: Planner (real); local share: unknown,P2
attendance-national,aadhaar enabled biometric attendance system,commercial,500,Google Keyword Planner export content/PGAK-keyword-master.csv (India),1.30,77.26,,/biometric-attendance,attendance product page; local pack via GBP services,volume: Planner (real); local share: unknown,P2
attendance-national,aadhaar based biometric attendance,commercial,500,Google Keyword Planner export content/PGAK-keyword-master.csv (India),1.83,68.86,,/biometric-attendance,attendance product page; local pack via GBP services,volume: Planner (real); local share: unknown,P2
installation-national,cctv installation company,commercial,500,Google Keyword Planner export content/PGAK-keyword-master.csv (India),10.23,60.04,,/cctv-installation-company,installation page; add Ludhiana block + GBP; 'near me' is Maps-pack driven,volume: Planner (real); local share: unknown,P1
near-me-local,best cctv camera installation near me,local/transactional,500,Google Keyword Planner export content/PGAK-keyword-master.csv (India),8.20,56.64,,/cctv-installation-company,installation page; add Ludhiana block + GBP; 'near me' is Maps-pack driven,volume: Planner (real); local share: unknown,P1
near-me-local,cctv companies near me,local/transactional,500,Google Keyword Planner export content/PGAK-keyword-master.csv (India),14.82,49.25,,/cctv-installation-company,installation page; add Ludhiana block + GBP; 'near me' is Maps-pack driven,volume: Planner (real); local share: unknown,P1
near-me-local,best cctv installation near me,local/transactional,500,Google Keyword Planner export content/PGAK-keyword-master.csv (India),4.71,42.63,,/cctv-installation-company,installation page; add Ludhiana block + GBP; 'near me' is Maps-pack driven,volume: Planner (real); local share: unknown,P1
near-me-local,camera installation service near me,local/transactional,500,Google Keyword Planner export content/PGAK-keyword-master.csv (India),7.68,38.40,,/cctv-installation-company,installation page; add Ludhiana block + GBP; 'near me' is Maps-pack driven,volume: Planner (real); local share: unknown,P1
near-me-local,cctv camera providers near me,local/transactional,500,Google Keyword Planner export content/PGAK-keyword-master.csv (India),5.21,35.15,,/cctv-installation-company,installation page; add Ludhiana block + GBP; 'near me' is Maps-pack driven,volume: Planner (real); local share: unknown,P1
ludhiana-local,cctv camera ludhiana,local/transactional,500,Google Keyword Planner export content/PGAK-keyword-master.csv (India),1.09,9.66,,/ai-cctv-ludhiana,localised commercial page; title/H1 to carry installation intent,volume: Planner (real); local share: unknown,P1
attendance-national,aadhaar biometric attendance,commercial,500,Google Keyword Planner export content/PGAK-keyword-master.csv (India),0.00,0.00,,/biometric-attendance,attendance product page; local pack via GBP services,volume: Planner (real); local share: unknown,P2
attendance-national,aadhaar enabled biometric attendance system aebas,commercial,500,Google Keyword Planner export content/PGAK-keyword-master.csv (India),0.00,0.00,,/biometric-attendance,attendance product page; local pack via GBP services,volume: Planner (real); local share: unknown,P2
attendance-national,aebas biometric attendance,commercial,500,Google Keyword Planner export content/PGAK-keyword-master.csv (India),0.00,0.00,,/biometric-attendance,attendance product page; local pack via GBP services,volume: Planner (real); local share: unknown,P2
attendance-national,esic biometric attendance,commercial,500,Google Keyword Planner export content/PGAK-keyword-master.csv (India),0.00,0.00,,/biometric-attendance,attendance product page; local pack via GBP services,volume: Planner (real); local share: unknown,P2
attendance-national,essl biometric attendance system,commercial,500,Google Keyword Planner export content/PGAK-keyword-master.csv (India),2.62,203.29,,/biometric-attendance,attendance product page; local pack via GBP services,volume: Planner (real); local share: unknown,P2
attendance-national,biometric attendance management system,commercial,500,Google Keyword Planner export content/PGAK-keyword-master.csv (India),30.05,183.88,,/biometric-attendance,attendance product page; local pack via GBP services,volume: Planner (real); local share: unknown,P2
attendance-national,staff attendance machine,commercial,500,Google Keyword Planner export content/PGAK-keyword-master.csv (India),5.84,159.01,,/biometric-attendance,attendance product page; local pack via GBP services,volume: Planner (real); local share: unknown,P2
attendance-national,best attendance machine,commercial,500,Google Keyword Planner export content/PGAK-keyword-master.csv (India),21.15,158.67,,/biometric-attendance,attendance product page; local pack via GBP services,volume: Planner (real); local share: unknown,P2
attendance-national,face biometric attendance system,commercial,500,Google Keyword Planner export content/PGAK-keyword-master.csv (India),29.33,157.93,,/biometric-attendance,attendance product page; local pack via GBP services,volume: Planner (real); local share: unknown,P2
attendance-national,office attendance machine,commercial,500,Google Keyword Planner export content/PGAK-keyword-master.csv (India),11.07,153.47,,/biometric-attendance,attendance product page; local pack via GBP services,volume: Planner (real); local share: unknown,P2
attendance-national,attendance machine for office,commercial,500,Google Keyword Planner export content/PGAK-keyword-master.csv (India),11.07,153.47,,/biometric-attendance,attendance product page; local pack via GBP services,volume: Planner (real); local share: unknown,P2
attendance-national,employee attendance machine,commercial,500,Google Keyword Planner export content/PGAK-keyword-master.csv (India),12.06,152.31,,/biometric-attendance,attendance product page; local pack via GBP services,volume: Planner (real); local share: unknown,P2
near-me-local,attendance machine near me,local/transactional,500,Google Keyword Planner export content/PGAK-keyword-master.csv (India),9.48,147.11,,/biometric-attendance,attendance product page; local pack via GBP services,volume: Planner (real); local share: unknown,P2
attendance-national,best biometric attendance machine,commercial,500,Google Keyword Planner export content/PGAK-keyword-master.csv (India),11.09,140.60,,/biometric-attendance,attendance product page; local pack via GBP services,volume: Planner (real); local share: unknown,P2
attendance-national,face biometric attendance machine,commercial,500,Google Keyword Planner export content/PGAK-keyword-master.csv (India),4.81,130.79,,/biometric-attendance,attendance product page; local pack via GBP services,volume: Planner (real); local share: unknown,P2
near-me-local,biometric attendance machine near me,local/transactional,500,Google Keyword Planner export content/PGAK-keyword-master.csv (India),9.67,130.33,,/biometric-attendance,attendance product page; local pack via GBP services,volume: Planner (real); local share: unknown,P2
attendance-national,face recognition biometric attendance system price,commercial,500,Google Keyword Planner export content/PGAK-keyword-master.csv (India),13.20,129.35,,/biometric-attendance,attendance product page; local pack via GBP services,volume: Planner (real); local share: unknown,P2
attendance-national,face biometric attendance,commercial,500,Google Keyword Planner export content/PGAK-keyword-master.csv (India),19.63,127.00,,/biometric-attendance,attendance product page; local pack via GBP services,volume: Planner (real); local share: unknown,P2
attendance-national,time attendance machine,commercial,500,Google Keyword Planner export content/PGAK-keyword-master.csv (India),5.37,118.69,,/biometric-attendance,attendance product page; local pack via GBP services,volume: Planner (real); local share: unknown,P2
attendance-national,time and attendance machine,commercial,500,Google Keyword Planner export content/PGAK-keyword-master.csv (India),5.37,118.69,,/biometric-attendance,attendance product page; local pack via GBP services,volume: Planner (real); local share: unknown,P2
attendance-national,face recognition attendance machine,commercial,500,Google Keyword Planner export content/PGAK-keyword-master.csv (India),11.30,115.62,,/biometric-attendance,attendance product page; local pack via GBP services,volume: Planner (real); local share: unknown,P2
attendance-national,attendance machine face recognition,commercial,500,Google Keyword Planner export content/PGAK-keyword-master.csv (India),11.30,115.62,,/biometric-attendance,attendance product page; local pack via GBP services,volume: Planner (real); local share: unknown,P2
attendance-national,facial recognition attendance machine,commercial,500,Google Keyword Planner export content/PGAK-keyword-master.csv (India),11.30,115.62,,/biometric-attendance,attendance product page; local pack via GBP services,volume: Planner (real); local share: unknown,P2
attendance-national,online biometric attendance,commercial,500,Google Keyword Planner export content/PGAK-keyword-master.csv (India),23.48,106.78,,/biometric-attendance,attendance product page; local pack via GBP services,volume: Planner (real); local share: unknown,P2
attendance-national,matrix attendance machine,commercial,500,Google Keyword Planner export content/PGAK-keyword-master.csv (India),15.44,102.19,,/biometric-attendance,attendance product page; local pack via GBP services,volume: Planner (real); local share: unknown,P2
attendance-national,hikvision face attendance machine,commercial,500,Google Keyword Planner export content/PGAK-keyword-master.csv (India),1.58,96.33,,/biometric-attendance,attendance product page; local pack via GBP services,volume: Planner (real); local share: unknown,P2
attendance-national,face scan attendance machine,commercial,500,Google Keyword Planner export content/PGAK-keyword-master.csv (India),4.79,95.56,,/biometric-attendance,attendance product page; local pack via GBP services,volume: Planner (real); local share: unknown,P2
attendance-national,fingerprint punching machine,commercial,500,Google Keyword Planner export content/PGAK-keyword-master.csv (India),1.22,89.13,,/biometric-attendance,attendance product page; local pack via GBP services,volume: Planner (real); local share: unknown,P2
attendance-national,biometric punching machine,commercial,500,Google Keyword Planner export content/PGAK-keyword-master.csv (India),1.78,88.24,,/biometric-attendance,attendance product page; local pack via GBP services,volume: Planner (real); local share: unknown,P2
attendance-national,biometric face attendance machine,commercial,500,Google Keyword Planner export content/PGAK-keyword-master.csv (India),6.37,83.93,,/biometric-attendance,attendance product page; local pack via GBP services,volume: Planner (real); local share: unknown,P2
attendance-national,thumb attendance machine,commercial,500,Google Keyword Planner export content/PGAK-keyword-master.csv (India),1.68,82.76,,/biometric-attendance,attendance product page; local pack via GBP services,volume: Planner (real); local share: unknown,P2
attendance-national,punching machine for attendance price,commercial,500,Google Keyword Planner export content/PGAK-keyword-master.csv (India),1.41,79.41,,/biometric-attendance,attendance product page; local pack via GBP services,volume: Planner (real); local share: unknown,P2
attendance-national,zkteco attendance machine,commercial,500,Google Keyword Planner export content/PGAK-keyword-master.csv (India),3.46,79.37,,/biometric-attendance,attendance product page; local pack via GBP services,volume: Planner (real); local share: unknown,P2
attendance-national,card punching machine for attendance,commercial,500,Google Keyword Planner export content/PGAK-keyword-master.csv (India),1.28,79.07,,/biometric-attendance,attendance product page; local pack via GBP services,volume: Planner (real); local share: unknown,P2
attendance-national,attendance machine price,commercial,500,Google Keyword Planner export content/PGAK-keyword-master.csv (India),1.36,78.99,,/biometric-attendance,attendance product page; local pack via GBP services,volume: Planner (real); local share: unknown,P2
attendance-national,fingerprint attendance machine price,commercial,500,Google Keyword Planner export content/PGAK-keyword-master.csv (India),1.17,74.95,,/biometric-attendance,attendance product page; local pack via GBP services,volume: Planner (real); local share: unknown,P2
attendance-national,finger attendance machine price,commercial,500,Google Keyword Planner export content/PGAK-keyword-master.csv (India),1.17,74.95,,/biometric-attendance,attendance product page; local pack via GBP services,volume: Planner (real); local share: unknown,P2
attendance-national,real time biometric attendance machine,commercial,500,Google Keyword Planner export content/PGAK-keyword-master.csv (India),1.90,74.06,,/biometric-attendance,attendance product page; local pack via GBP services,volume: Planner (real); local share: unknown,P2
attendance-national,realtime attendance machine,commercial,500,Google Keyword Planner export content/PGAK-keyword-master.csv (India),2.05,71.90,,/biometric-attendance,attendance product page; local pack via GBP services,volume: Planner (real); local share: unknown,P2
attendance-national,biomax attendance machine,commercial,500,Google Keyword Planner export content/PGAK-keyword-master.csv (India),1.86,71.85,,/biometric-attendance,attendance product page; local pack via GBP services,volume: Planner (real); local share: unknown,P2
attendance-national,biometric attendance price,commercial,500,Google Keyword Planner export content/PGAK-keyword-master.csv (India),0.97,71.74,,/biometric-attendance,attendance product page; local pack via GBP services,volume: Planner (real); local share: unknown,P2
attendance-national,biometric punching machine price,commercial,500,Google Keyword Planner export content/PGAK-keyword-master.csv (India),0.81,68.01,,/biometric-attendance,attendance product page; local pack via GBP services,volume: Planner (real); local share: unknown,P2
attendance-national,biometric attendance device price,commercial,500,Google Keyword Planner export content/PGAK-keyword-master.csv (India),0.89,67.01,,/biometric-attendance,attendance product page; local pack via GBP services,volume: Planner (real); local share: unknown,P2
attendance-national,thumb attendance machine price,commercial,500,Google Keyword Planner export content/PGAK-keyword-master.csv (India),1.08,60.08,,/biometric-attendance,attendance product page; local pack via GBP services,volume: Planner (real); local share: unknown,P2
attendance-national,essl attendance machine,commercial,500,Google Keyword Planner export content/PGAK-keyword-master.csv (India),1.21,57.99,,/biometric-attendance,attendance product page; local pack via GBP services,volume: Planner (real); local share: unknown,P2
attendance-national,cost of biometric attendance machine,commercial,500,Google Keyword Planner export content/PGAK-keyword-master.csv (India),1.05,56.29,,/biometric-attendance,attendance product page; local pack via GBP services,volume: Planner (real); local share: unknown,P2
attendance-national,face attendance machine price,commercial,500,Google Keyword Planner export content/PGAK-keyword-master.csv (India),1.31,53.09,,/biometric-attendance,attendance product page; local pack via GBP services,volume: Planner (real); local share: unknown,P2
attendance-national,digital attendance machine,commercial,500,Google Keyword Planner export content/PGAK-keyword-master.csv (India),1.05,51.84,,/biometric-attendance,attendance product page; local pack via GBP services,volume: Planner (real); local share: unknown,P2
attendance-national,mantra attendance machine,commercial,500,Google Keyword Planner export content/PGAK-keyword-master.csv (India),1.31,47.35,,/biometric-attendance,attendance product page; local pack via GBP services,volume: Planner (real); local share: unknown,P2
near-me-local,home camera installers near me,local/transactional,500,Google Keyword Planner export content/PGAK-keyword-master.csv (India),6.04,43.95,,/residential-security,residential installers; secondary market,volume: Planner (real); local share: unknown,P3
attendance-national,essl face attendance machine,commercial,500,Google Keyword Planner export content/PGAK-keyword-master.csv (India),1.05,31.37,,/biometric-attendance,attendance product page; local pack via GBP services,volume: Planner (real); local share: unknown,P2
attendance-national,essl biometric attendance machine,commercial,500,Google Keyword Planner export content/PGAK-keyword-master.csv (India),1.47,27.16,,/biometric-attendance,attendance product page; local pack via GBP services,volume: Planner (real); local share: unknown,P2
attendance-national,essl punching machine,commercial,500,Google Keyword Planner export content/PGAK-keyword-master.csv (India),0.98,20.63,,/biometric-attendance,attendance product page; local pack via GBP services,volume: Planner (real); local share: unknown,P2
attendance-national,secureye attendance machine,commercial,500,Google Keyword Planner export content/PGAK-keyword-master.csv (India),1.02,13.07,,/biometric-attendance,attendance product page; local pack via GBP services,volume: Planner (real); local share: unknown,P2
attendance-national,secureye biometric attendance machine,commercial,500,Google Keyword Planner export content/PGAK-keyword-master.csv (India),1.02,13.07,,/biometric-attendance,attendance product page; local pack via GBP services,volume: Planner (real); local share: unknown,P2
attendance-national,aadhaar based biometric attendance machine,commercial,500,Google Keyword Planner export content/PGAK-keyword-master.csv (India),0.88,8.98,,/biometric-attendance,attendance product page; local pack via GBP services,volume: Planner (real); local share: unknown,P2
attendance-national,rfid biometric attendance system,commercial,500,Google Keyword Planner export content/PGAK-keyword-master.csv (India),0.00,0.00,,/biometric-attendance,attendance product page; local pack via GBP services,volume: Planner (real); local share: unknown,P2
attendance-national,staff biometric attendance,commercial,50,Google Keyword Planner export content/PGAK-keyword-master.csv (India),81.41,1941.72,,/biometric-attendance,attendance product page; local pack via GBP services,volume: Planner (real); local share: unknown,P2
attendance-national,odoo biometric attendance,commercial,50,Google Keyword Planner export content/PGAK-keyword-master.csv (India),74.00,555.76,,/biometric-attendance,attendance product page; local pack via GBP services,volume: Planner (real); local share: unknown,P2
attendance-national,biometric attendance and payroll management system,commercial,50,Google Keyword Planner export content/PGAK-keyword-master.csv (India),83.13,399.57,,/biometric-attendance,attendance product page; local pack via GBP services,volume: Planner (real); local share: unknown,P2
attendance-national,hr biometric attendance,commercial,50,Google Keyword Planner export content/PGAK-keyword-master.csv (India),41.66,357.75,,/biometric-attendance,attendance product page; local pack via GBP services,volume: Planner (real); local share: unknown,P2
attendance-national,biometric attendance system cloud,commercial,50,Google Keyword Planner export content/PGAK-keyword-master.csv (India),51.66,356.45,,/biometric-attendance,attendance product page; local pack via GBP services,volume: Planner (real); local share: unknown,P2
attendance-national,biometric attendance system face recognition,commercial,50,Google Keyword Planner export content/PGAK-keyword-master.csv (India),61.64,341.99,,/biometric-attendance,attendance product page; local pack via GBP services,volume: Planner (real); local share: unknown,P2
attendance-national,payroll biometric attendance,commercial,50,Google Keyword Planner export content/PGAK-keyword-master.csv (India),68.15,331.93,,/biometric-attendance,attendance product page; local pack via GBP services,volume: Planner (real); local share: unknown,P2
attendance-national,biometric attendance solution,commercial,50,Google Keyword Planner export content/PGAK-keyword-master.csv (India),74.39,330.65,,/biometric-attendance,attendance product page; local pack via GBP services,volume: Planner (real); local share: unknown,P2
attendance-national,biometric attendance system for office,commercial,50,Google Keyword Planner export content/PGAK-keyword-master.csv (India),80.51,326.39,,/biometric-attendance,attendance product page; local pack via GBP services,volume: Planner (real); local share: unknown,P2
attendance-national,wifi biometric attendance system,commercial,50,Google Keyword Planner export content/PGAK-keyword-master.csv (India),48.37,306.60,,/biometric-attendance,attendance product page; local pack via GBP services,volume: Planner (real); local share: unknown,P2
attendance-national,essl time attendance machine,commercial,50,Google Keyword Planner export content/PGAK-keyword-master.csv (India),1.08,301.27,,/biometric-attendance,attendance product page; local pack via GBP services,volume: Planner (real); local share: unknown,P2
attendance-national,clock attendance machine,commercial,50,Google Keyword Planner export content/PGAK-keyword-master.csv (India),78.28,293.76,,/biometric-attendance,attendance product page; local pack via GBP services,volume: Planner (real); local share: unknown,P2
attendance-national,biometric attendance tracker,commercial,50,Google Keyword Planner export content/PGAK-keyword-master.csv (India),29.74,277.43,,/biometric-attendance,attendance product page; local pack via GBP services,volume: Planner (real); local share: unknown,P2
attendance-national,biometric attendance system with payroll,commercial,50,Google Keyword Planner export content/PGAK-keyword-master.csv (India),103.98,276.15,,/biometric-attendance,attendance product page; local pack via GBP services,volume: Planner (real); local share: unknown,P2
attendance-national,biometric attendance for employees,commercial,50,Google Keyword Planner export content/PGAK-keyword-master.csv (India),60.11,269.69,,/biometric-attendance,attendance product page; local pack via GBP services,volume: Planner (real); local share: unknown,P2
attendance-national,cloud based biometric attendance system,commercial,50,Google Keyword Planner export content/PGAK-keyword-master.csv (India),66.95,266.38,,/biometric-attendance,attendance product page; local pack via GBP services,volume: Planner (real); local share: unknown,P2
attendance-national,matrix biometric attendance machine,commercial,50,Google Keyword Planner export content/PGAK-keyword-master.csv (India),16.94,234.38,,/biometric-attendance,attendance product page; local pack via GBP services,volume: Planner (real); local share: unknown,P2
attendance-national,biometric attendance and access control system,commercial,50,Google Keyword Planner export content/PGAK-keyword-master.csv (India),38.57,228.08,,/biometric-attendance,attendance product page; local pack via GBP services,volume: Planner (real); local share: unknown,P2
attendance-national,cloud biometric attendance system,commercial,50,Google Keyword Planner export content/PGAK-keyword-master.csv (India),46.18,226.53,,/biometric-attendance,attendance product page; local pack via GBP services,volume: Planner (real); local share: unknown,P2
attendance-national,simple biometric attendance system,commercial,50,Google Keyword Planner export content/PGAK-keyword-master.csv (India),30.79,214.43,,/biometric-attendance,attendance product page; local pack via GBP services,volume: Planner (real); local share: unknown,P2
attendance-national,face recognition biometric attendance system,commercial,50,Google Keyword Planner export content/PGAK-keyword-master.csv (India),21.89,166.29,,/biometric-attendance,attendance product page; local pack via GBP services,volume: Planner (real); local share: unknown,P2
attendance-national,sim based biometric attendance system,commercial,50,Google Keyword Planner export content/PGAK-keyword-master.csv (India),34.66,165.18,,/biometric-attendance,attendance product page; local pack via GBP services,volume: Planner (real); local share: unknown,P2
attendance-national,biometric attendance machine with cloud,commercial,50,Google Keyword Planner export content/PGAK-keyword-master.csv (India),36.75,162.84,,/biometric-attendance,attendance product page; local pack via GBP services,volume: Planner (real); local share: unknown,P2
attendance-national,biometric attendance system with sim card,commercial,50,Google Keyword Planner export content/PGAK-keyword-master.csv (India),2.29,161.00,,/biometric-attendance,attendance product page; local pack via GBP services,volume: Planner (real); local share: unknown,P2
attendance-national,mobile biometric attendance system,commercial,50,Google Keyword Planner export content/PGAK-keyword-master.csv (India),33.46,156.48,,/biometric-attendance,attendance product page; local pack via GBP services,volume: Planner (real); local share: unknown,P2
near-me-local,biometric punching machine near me,local/transactional,50,Google Keyword Planner export content/PGAK-keyword-master.csv (India),7.24,149.64,,/biometric-attendance,attendance product page; local pack via GBP services,volume: Planner (real); local share: unknown,P2
attendance-national,attendance machine with wifi,commercial,50,Google Keyword Planner export content/PGAK-keyword-master.csv (India),5.28,146.64,,/biometric-attendance,attendance product page; local pack via GBP services,volume: Planner (real); local share: unknown,P2
attendance-national,biometric attendance cost,commercial,50,Google Keyword Planner export content/PGAK-keyword-master.csv (India),2.21,146.16,,/biometric-attendance,attendance product page; local pack via GBP services,volume: Planner (real); local share: unknown,P2
attendance-national,best time attendance machine,commercial,50,Google Keyword Planner export content/PGAK-keyword-master.csv (India),54.85,144.39,,/biometric-attendance,attendance product page; local pack via GBP services,volume: Planner (real); local share: unknown,P2
attendance-national,fingerprint face recognition attendance machine,commercial,50,Google Keyword Planner export content/PGAK-keyword-master.csv (India),29.21,143.09,,/biometric-attendance,attendance product page; local pack via GBP services,volume: Planner (real); local share: unknown,P2
attendance-national,worker attendance machine,commercial,50,Google Keyword Planner export content/PGAK-keyword-master.csv (India),3.31,140.94,,/biometric-attendance,attendance product page; local pack via GBP services,volume: Planner (real); local share: unknown,P2
attendance-national,attendance punching machine suppliers,commercial,50,Google Keyword Planner export content/PGAK-keyword-master.csv (India),54.62,139.13,,/biometric-attendance,attendance product page; local pack via GBP services,volume: Planner (real); local share: unknown,P2
attendance-national,best attendance punching machine,commercial,50,Google Keyword Planner export content/PGAK-keyword-master.csv (India),7.88,138.57,,/biometric-attendance,attendance product page; local pack via GBP services,volume: Planner (real); local share: unknown,P2
near-me-local,cctv camera company near me,local/transactional,50,Google Keyword Planner export content/PGAK-keyword-master.csv (India),17.07,134.97,,/cctv-installation-company,installation page; add Ludhiana block + GBP; 'near me' is Maps-pack driven,volume: Planner (real); local share: unknown,P1
attendance-national,finger punching attendance machine,commercial,50,Google Keyword Planner export content/PGAK-keyword-master.csv (India),6.81,134.48,,/biometric-attendance,attendance product page; local pack via GBP services,volume: Planner (real); local share: unknown,P2
attendance-national,biometric attendance system with door access control,commercial,50,Google Keyword Planner export content/PGAK-keyword-master.csv (India),17.13,134.07,,/biometric-attendance,attendance product page; local pack via GBP services,volume: Planner (real); local share: unknown,P2
attendance-national,punching machine biometric,commercial,50,Google Keyword Planner export content/PGAK-keyword-master.csv (India),1.40,132.06,,/biometric-attendance,attendance product page; local pack via GBP services,volume: Planner (real); local share: unknown,P2
attendance-national,web based biometric attendance system,commercial,50,Google Keyword Planner export content/PGAK-keyword-master.csv (India),56.57,131.17,,/biometric-attendance,attendance product page; local pack via GBP services,volume: Planner (real); local share: unknown,P2
attendance-national,biometric time attendance machine,commercial,50,Google Keyword Planner export content/PGAK-keyword-master.csv (India),8.46,130.51,,/biometric-attendance,attendance product page; local pack via GBP services,volume: Planner (real); local share: unknown,P2
near-me-local,biometric attendance system near me,local/transactional,50,Google Keyword Planner export content/PGAK-keyword-master.csv (India),26.58,125.74,,/biometric-attendance,attendance product page; local pack via GBP services,volume: Planner (real); local share: unknown,P2
attendance-national,attendance machine wifi,commercial,50,Google Keyword Planner export content/PGAK-keyword-master.csv (India),6.27,124.60,,/biometric-attendance,attendance product page; local pack via GBP services,volume: Planner (real); local share: unknown,P2
attendance-national,face id attendance machine,commercial,50,Google Keyword Planner export content/PGAK-keyword-master.csv (India),5.40,122.73,,/biometric-attendance,attendance product page; local pack via GBP services,volume: Planner (real); local share: unknown,P2
attendance-national,office attendance punching machine,commercial,50,Google Keyword Planner export content/PGAK-keyword-master.csv (India),9.54,122.55,,/biometric-attendance,attendance product page; local pack via GBP services,volume: Planner (real); local share: unknown,P2
attendance-national,biometric attendance machine with wifi,commercial,50,Google Keyword Planner export content/PGAK-keyword-master.csv (India),11.49,121.35,,/biometric-attendance,attendance product page; local pack via GBP services,volume: Planner (real); local share: unknown,P2
attendance-national,finger touch attendance machine,commercial,50,Google Keyword Planner export content/PGAK-keyword-master.csv (India),2.11,118.95,,/biometric-attendance,attendance product page; local pack via GBP services,volume: Planner (real); local share: unknown,P2
attendance-national,biometric attendance punching machine,commercial,50,Google Keyword Planner export content/PGAK-keyword-master.csv (India),7.64,118.20,,/biometric-attendance,attendance product page; local pack via GBP services,volume: Planner (real); local share: unknown,P2
attendance-national,mantra biometric attendance device,commercial,50,Google Keyword Planner export content/PGAK-keyword-master.csv (India),1.92,117.41,,/biometric-attendance,attendance product page; local pack via GBP services,volume: Planner (real); local share: unknown,P2
attendance-national,eye attendance machine,commercial,50,Google Keyword Planner export content/PGAK-keyword-master.csv (India),1.91,116.10,,/biometric-attendance,attendance product page; local pack via GBP services,volume: Planner (real); local share: unknown,P2
attendance-national,biometric attendance machine best company,commercial,50,Google Keyword Planner export content/PGAK-keyword-master.csv (India),21.46,115.82,,/biometric-attendance,attendance product page; local pack via GBP services,volume: Planner (real); local share: unknown,P2
near-me-local,attendance punching machine near me,local/transactional,50,Google Keyword Planner export content/PGAK-keyword-master.csv (India),6.05,114.42,,/biometric-attendance,attendance product page; local pack via GBP services,volume: Planner (real); local share: unknown,P2
attendance-national,biometric fingerprint attendance machine,commercial,50,Google Keyword Planner export content/PGAK-keyword-master.csv (India),1.21,112.65,,/biometric-attendance,attendance product page; local pack via GBP services,volume: Planner (real); local share: unknown,P2
attendance-national,biometric attendance with door lock,commercial,50,Google Keyword Planner export content/PGAK-keyword-master.csv (India),6.87,112.24,,/biometric-attendance,attendance product page; local pack via GBP services,volume: Planner (real); local share: unknown,P2
attendance-national,latest attendance machine,commercial,50,Google Keyword Planner export content/PGAK-keyword-master.csv (India),6.51,111.60,,/biometric-attendance,attendance product page; local pack via GBP services,volume: Planner (real); local share: unknown,P2
attendance-national,employee attendance punching machine,commercial,50,Google Keyword Planner export content/PGAK-keyword-master.csv (India),25.97,109.97,,/biometric-attendance,attendance product page; local pack via GBP services,volume: Planner (real); local share: unknown,P2
attendance-national,best biometric attendance device,commercial,50,Google Keyword Planner export content/PGAK-keyword-master.csv (India),7.82,109.81,,/biometric-attendance,attendance product page; local pack via GBP services,volume: Planner (real); local share: unknown,P2
attendance-national,online biometric attendance system,commercial,50,Google Keyword Planner export content/PGAK-keyword-master.csv (India),20.95,108.17,,/biometric-attendance,attendance product page; local pack via GBP services,volume: Planner (real); local share: unknown,P2
installation-national,cctv camera installation company,commercial,50,Google Keyword Planner export content/PGAK-keyword-master.csv (India),8.01,107.05,,/cctv-installation-company,installation page; add Ludhiana block + GBP; 'near me' is Maps-pack driven,volume: Planner (real); local share: unknown,P1
installation-national,security camera installation contractors,commercial,50,Google Keyword Planner export content/PGAK-keyword-master.csv (India),8.01,107.05,,/cctv-installation-company,installation page; add Ludhiana block + GBP; 'near me' is Maps-pack driven,volume: Planner (real); local share: unknown,P1
attendance-national,biometric attendance system cost,commercial,50,Google Keyword Planner export content/PGAK-keyword-master.csv (India),1.44,106.38,,/biometric-attendance,attendance product page; local pack via GBP services,volume: Planner (real); local share: unknown,P2
attendance-national,labour attendance machine,commercial,50,Google Keyword Planner export content/PGAK-keyword-master.csv (India),7.21,105.21,,/biometric-attendance,attendance product page; local pack via GBP services,volume: Planner (real); local share: unknown,P2
attendance-national,best biometric attendance system,commercial,50,Google Keyword Planner export content/PGAK-keyword-master.csv (India),28.96,105.18,,/biometric-attendance,attendance product page; local pack via GBP services,volume: Planner (real); local share: unknown,P2
attendance-national,biometric attendance register,commercial,50,Google Keyword Planner export content/PGAK-keyword-master.csv (India),2.21,105.11,,/biometric-attendance,attendance product page; local pack via GBP services,volume: Planner (real); local share: unknown,P2
attendance-national,cloud attendance machine,commercial,50,Google Keyword Planner export content/PGAK-keyword-master.csv (India),40.42,104.72,,/biometric-attendance,attendance product page; local pack via GBP services,volume: Planner (real); local share: unknown,P2
attendance-national,punch biometric attendance,commercial,50,Google Keyword Planner export content/PGAK-keyword-master.csv (India),3.55,103.52,,/biometric-attendance,attendance product page; local pack via GBP services,volume: Planner (real); local share: unknown,P2
attendance-national,cheapest attendance machine,commercial,50,Google Keyword Planner export content/PGAK-keyword-master.csv (India),3.03,102.87,,/biometric-attendance,attendance product page; local pack via GBP services,volume: Planner (real); local share: unknown,P2
attendance-national,attendance machine for small office,commercial,50,Google Keyword Planner export content/PGAK-keyword-master.csv (India),3.45,102.50,,/biometric-attendance,attendance product page; local pack via GBP services,volume: Planner (real); local share: unknown,P2
attendance-national,starlink attendance machine,commercial,50,Google Keyword Planner export content/PGAK-keyword-master.csv (India),17.26,100.51,,/biometric-attendance,attendance product page; local pack via GBP services,volume: Planner (real); local share: unknown,P2
attendance-national,biometric face attendance machine price,commercial,50,Google Keyword Planner export content/PGAK-keyword-master.csv (India),1.53,97.83,,/biometric-attendance,attendance product page; local pack via GBP services,volume: Planner (real); local share: unknown,P2
attendance-national,best face attendance machine,commercial,50,Google Keyword Planner export content/PGAK-keyword-master.csv (India),21.81,97.50,,/biometric-attendance,attendance product page; local pack via GBP services,volume: Planner (real); local share: unknown,P2
attendance-national,face reader attendance machine,commercial,50,Google Keyword Planner export content/PGAK-keyword-master.csv (India),5.09,94.28,,/biometric-attendance,attendance product page; local pack via GBP services,volume: Planner (real); local share: unknown,P2
attendance-national,top 10 biometric attendance machine,commercial,50,Google Keyword Planner export content/PGAK-keyword-master.csv (India),2.71,94.07,,/biometric-attendance,attendance product page; local pack via GBP services,volume: Planner (real); local share: unknown,P2
attendance-national,biometric attendance system price,commercial,50,Google Keyword Planner export content/PGAK-keyword-master.csv (India),1.53,93.98,,/biometric-attendance,attendance product page; local pack via GBP services,volume: Planner (real); local share: unknown,P2
attendance-national,top biometric attendance machine,commercial,50,Google Keyword Planner export content/PGAK-keyword-master.csv (India),16.22,93.73,,/biometric-attendance,attendance product page; local pack via GBP services,volume: Planner (real); local share: unknown,P2
attendance-national,biometric attendance on mobile,commercial,50,Google Keyword Planner export content/PGAK-keyword-master.csv (India),26.88,92.15,,/biometric-attendance,attendance product page; local pack via GBP services,volume: Planner (real); local share: unknown,P2
attendance-national,attendance machine with door lock,commercial,50,Google Keyword Planner export content/PGAK-keyword-master.csv (India),12.81,92.14,,/biometric-attendance,attendance product page; local pack via GBP services,volume: Planner (real); local share: unknown,P2
attendance-national,biomax fingerprint biometric attendance machine,commercial,50,Google Keyword Planner export content/PGAK-keyword-master.csv (India),1.09,90.70,,/biometric-attendance,attendance product page; local pack via GBP services,volume: Planner (real); local share: unknown,P2
attendance-national,face time attendance machine,commercial,50,Google Keyword Planner export content/PGAK-keyword-master.csv (India),6.52,90.28,,/biometric-attendance,attendance product page; local pack via GBP services,volume: Planner (real); local share: unknown,P2
attendance-national,best fingerprint attendance machine,commercial,50,Google Keyword Planner export content/PGAK-keyword-master.csv (India),8.01,89.43,,/biometric-attendance,attendance product page; local pack via GBP services,volume: Planner (real); local share: unknown,P2
attendance-national,online attendance machine,commercial,50,Google Keyword Planner export content/PGAK-keyword-master.csv (India),2.41,88.70,,/biometric-attendance,attendance product page; local pack via GBP services,volume: Planner (real); local share: unknown,P2
attendance-national,biometric attendance through mobile,commercial,50,Google Keyword Planner export content/PGAK-keyword-master.csv (India),25.39,88.26,,/biometric-attendance,attendance product page; local pack via GBP services,volume: Planner (real); local share: unknown,P2
attendance-national,online biometric attendance machine,commercial,50,Google Keyword Planner export content/PGAK-keyword-master.csv (India),2.51,87.92,,/biometric-attendance,attendance product page; local pack via GBP services,volume: Planner (real); local share: unknown,P2
attendance-national,attendance machine thumb impression price,commercial,50,Google Keyword Planner export content/PGAK-keyword-master.csv (India),1.17,85.18,,/biometric-attendance,attendance product page; local pack via GBP services,volume: Planner (real); local share: unknown,P2
attendance-national,biometric attendance amazon,commercial,50,Google Keyword Planner export content/PGAK-keyword-master.csv (India),3.51,85.15,,/biometric-attendance,attendance product page; local pack via GBP services,volume: Planner (real); local share: unknown,P2
attendance-national,biometric attendance machine amazon,commercial,50,Google Keyword Planner export content/PGAK-keyword-master.csv (India),10.87,85.05,,/biometric-attendance,attendance product page; local pack via GBP services,volume: Planner (real); local share: unknown,P2
attendance-national,bio attendance machine,commercial,50,Google Keyword Planner export content/PGAK-keyword-master.csv (India),5.67,84.64,,/biometric-attendance,attendance product page; local pack via GBP services,volume: Planner (real); local share: unknown,P2
attendance-national,attendance machine amazon,commercial,50,Google Keyword Planner export content/PGAK-keyword-master.csv (India),3.26,84.47,,/biometric-attendance,attendance product page; local pack via GBP services,volume: Planner (real); local share: unknown,P2
attendance-national,wireless attendance machine,commercial,50,Google Keyword Planner export content/PGAK-keyword-master.csv (India),3.84,84.35,,/biometric-attendance,attendance product page; local pack via GBP services,volume: Planner (real); local share: unknown,P2
attendance-national,fingerprint time attendance machine,commercial,50,Google Keyword Planner export content/PGAK-keyword-master.csv (India),1.78,84.11,,/biometric-attendance,attendance product page; local pack via GBP services,volume: Planner (real); local share: unknown,P2
attendance-national,fingerprint time and attendance machine,commercial,50,Google Keyword Planner export content/PGAK-keyword-master.csv (India),1.78,84.11,,/biometric-attendance,attendance product page; local pack via GBP services,volume: Planner (real); local share: unknown,P2
attendance-national,attendance machine face detection,commercial,50,Google Keyword Planner export content/PGAK-keyword-master.csv (India),29.46,84.09,,/biometric-attendance,attendance product page; local pack via GBP services,volume: Planner (real); local share: unknown,P2
attendance-national,face detection attendance machine,commercial,50,Google Keyword Planner export content/PGAK-keyword-master.csv (India),2.87,83.40,,/biometric-attendance,attendance product page; local pack via GBP services,volume: Planner (real); local share: unknown,P2
attendance-national,student attendance machine,commercial,50,Google Keyword Planner export content/PGAK-keyword-master.csv (India),1.52,80.81,,/biometric-attendance,attendance product page; local pack via GBP services,volume: Planner (real); local share: unknown,P2
attendance-national,face reading attendance machine price,commercial,50,Google Keyword Planner export content/PGAK-keyword-master.csv (India),3.86,78.99,,/biometric-attendance,attendance product page; local pack via GBP services,volume: Planner (real); local share: unknown,P2
attendance-national,portable attendance machine,commercial,50,Google Keyword Planner export content/PGAK-keyword-master.csv (India),3.14,78.70,,/biometric-attendance,attendance product page; local pack via GBP services,volume: Planner (real); local share: unknown,P2
attendance-national,face reader biometric attendance machine,commercial,50,Google Keyword Planner export content/PGAK-keyword-master.csv (India),3.36,77.68,,/biometric-attendance,attendance product page; local pack via GBP services,volume: Planner (real); local share: unknown,P2
attendance-national,daily attendance machine,commercial,50,Google Keyword Planner export content/PGAK-keyword-master.csv (India),2.88,77.56,,/biometric-attendance,attendance product page; local pack via GBP services,volume: Planner (real); local share: unknown,P2
attendance-national,wifi attendance machine,commercial,50,Google Keyword Planner export content/PGAK-keyword-master.csv (India),3.96,77.47,,/biometric-attendance,attendance product page; local pack via GBP services,volume: Planner (real); local share: unknown,P2
attendance-national,card attendance machine,commercial,50,Google Keyword Planner export content/PGAK-keyword-master.csv (India),1.60,76.76,,/biometric-attendance,attendance product page; local pack via GBP services,volume: Planner (real); local share: unknown,P2
attendance-national,time biometric attendance machine,commercial,50,Google Keyword Planner export content/PGAK-keyword-master.csv (India),1.83,76.27,,/biometric-attendance,attendance product page; local pack via GBP services,volume: Planner (real); local share: unknown,P2
attendance-national,time office attendance machine,commercial,50,Google Keyword Planner export content/PGAK-keyword-master.csv (India),1.44,75.72,,/biometric-attendance,attendance product page; local pack via GBP services,volume: Planner (real); local share: unknown,P2
near-me-local,fingerprint attendance machine near me,local/transactional,50,Google Keyword Planner export content/PGAK-keyword-master.csv (India),5.85,73.16,,/biometric-attendance,attendance product page; local pack via GBP services,volume: Planner (real); local share: unknown,P2
attendance-national,cheapest biometric attendance machine,commercial,50,Google Keyword Planner export content/PGAK-keyword-master.csv (India),2.62,71.23,,/biometric-attendance,attendance product page; local pack via GBP services,volume: Planner (real); local share: unknown,P2
attendance-national,best biometric attendance,commercial,50,Google Keyword Planner export content/PGAK-keyword-master.csv (India),7.42,70.46,,/biometric-attendance,attendance product page; local pack via GBP services,volume: Planner (real); local share: unknown,P2
attendance-national,real time attendance machine price,commercial,50,Google Keyword Planner export content/PGAK-keyword-master.csv (India),1.15,69.25,,/biometric-attendance,attendance product page; local pack via GBP services,volume: Planner (real); local share: unknown,P2
attendance-national,rfid attendance machine,commercial,50,Google Keyword Planner export content/PGAK-keyword-master.csv (India),2.30,68.77,,/biometric-attendance,attendance product page; local pack via GBP services,volume: Planner (real); local share: unknown,P2
attendance-national,matrix fingerprint attendance machine,commercial,50,Google Keyword Planner export content/PGAK-keyword-master.csv (India),6.44,68.61,,/biometric-attendance,attendance product page; local pack via GBP services,volume: Planner (real); local share: unknown,P2
attendance-national,thumb impression attendance machine,commercial,50,Google Keyword Planner export content/PGAK-keyword-master.csv (India),1.78,68.38,,/biometric-attendance,attendance product page; local pack via GBP services,volume: Planner (real); local share: unknown,P2
attendance-national,smart office biometric attendance,commercial,50,Google Keyword Planner export content/PGAK-keyword-master.csv (India),24.45,67.05,,/biometric-attendance,attendance product page; local pack via GBP services,volume: Planner (real); local share: unknown,P2
attendance-national,biometric attendance for students,commercial,50,Google Keyword Planner export content/PGAK-keyword-master.csv (India),2.52,66.59,,/biometric-attendance,attendance product page; local pack via GBP services,volume: Planner (real); local share: unknown,P2
attendance-national,face recognition punching machine,commercial,50,Google Keyword Planner export content/PGAK-keyword-master.csv (India),2.44,64.84,,/biometric-attendance,attendance product page; local pack via GBP services,volume: Planner (real); local share: unknown,P2
attendance-national,identix attendance machine,commercial,50,Google Keyword Planner export content/PGAK-keyword-master.csv (India),2.23,62.08,,/biometric-attendance,attendance product page; local pack via GBP services,volume: Planner (real); local share: unknown,P2
attendance-national,gsm based biometric attendance system,commercial,50,Google Keyword Planner export content/PGAK-keyword-master.csv (India),28.25,60.97,,/biometric-attendance,attendance product page; local pack via GBP services,volume: Planner (real); local share: unknown,P2
attendance-national,portable biometric attendance machine,commercial,50,Google Keyword Planner export content/PGAK-keyword-master.csv (India),2.13,60.37,,/biometric-attendance,attendance product page; local pack via GBP services,volume: Planner (real); local share: unknown,P2
near-me-local,security camera installation service near me,local/transactional,50,Google Keyword Planner export content/PGAK-keyword-master.csv (India),7.46,59.89,,/cctv-installation-company,installation page; add Ludhiana block + GBP; 'near me' is Maps-pack driven,volume: Planner (real); local share: unknown,P1
attendance-national,face detection punching machine,commercial,50,Google Keyword Planner export content/PGAK-keyword-master.csv (India),6.27,59.79,,/biometric-attendance,attendance product page; local pack via GBP services,volume: Planner (real); local share: unknown,P2
attendance-national,biomax face attendance machine,commercial,50,Google Keyword Planner export content/PGAK-keyword-master.csv (India),0.64,58.80,,/biometric-attendance,attendance product page; local pack via GBP services,volume: Planner (real); local share: unknown,P2
attendance-national,secure i attendance machine,commercial,50,Google Keyword Planner export content/PGAK-keyword-master.csv (India),2.04,58.44,,/biometric-attendance,attendance product page; local pack via GBP services,volume: Planner (real); local share: unknown,P2
attendance-national,retina scan attendance machine price,commercial,50,Google Keyword Planner export content/PGAK-keyword-master.csv (India),39.71,57.15,,/biometric-attendance,attendance product page; local pack via GBP services,volume: Planner (real); local share: unknown,P2
attendance-national,attendance machine cost,commercial,50,Google Keyword Planner export content/PGAK-keyword-master.csv (India),2.41,57.03,,/biometric-attendance,attendance product page; local pack via GBP services,volume: Planner (real); local share: unknown,P2
attendance-national,electronic attendance machine,commercial,50,Google Keyword Planner export content/PGAK-keyword-master.csv (India),1.13,53.55,,/biometric-attendance,attendance product page; local pack via GBP services,volume: Planner (real); local share: unknown,P2
attendance-national,latest biometric attendance machine,commercial,50,Google Keyword Planner export content/PGAK-keyword-master.csv (India),3.39,53.27,,/biometric-attendance,attendance product page; local pack via GBP services,volume: Planner (real); local share: unknown,P2
installation-national,best cctv camera installation,commercial,50,Google Keyword Planner export content/PGAK-keyword-master.csv (India),1.21,51.64,,/cctv-installation-company,installation page; add Ludhiana block + GBP; 'near me' is Maps-pack driven,volume: Planner (real); local share: unknown,P1
attendance-national,student biometric attendance system,commercial,50,Google Keyword Planner export content/PGAK-keyword-master.csv (India),3.05,51.32,,/biometric-attendance,attendance product page; local pack via GBP services,volume: Planner (real); local share: unknown,P2
attendance-national,aadhaar based attendance machine,commercial,50,Google Keyword Planner export content/PGAK-keyword-master.csv (India),1.95,48.10,,/biometric-attendance,attendance product page; local pack via GBP services,volume: Planner (real); local share: unknown,P2
attendance-national,attendance punching machine cost,commercial,50,Google Keyword Planner export content/PGAK-keyword-master.csv (India),1.07,46.94,,/biometric-attendance,attendance product page; local pack via GBP services,volume: Planner (real); local share: unknown,P2
attendance-national,aadhaar enabled biometric attendance device,commercial,50,Google Keyword Planner export content/PGAK-keyword-master.csv (India),4.24,44.93,,/biometric-attendance,attendance product page; local pack via GBP services,volume: Planner (real); local share: unknown,P2
attendance-national,essl face recognition attendance machine price,commercial,50,Google Keyword Planner export content/PGAK-keyword-master.csv (India),1.65,40.94,,/biometric-attendance,attendance product page; local pack via GBP services,volume: Planner (real); local share: unknown,P2
attendance-national,essl k30 pro biometric attendance machine,commercial,50,Google Keyword Planner export content/PGAK-keyword-master.csv (India),1.32,40.40,,/biometric-attendance,attendance product page; local pack via GBP services,volume: Planner (real); local share: unknown,P2
attendance-national,mantra face attendance machine,commercial,50,Google Keyword Planner export content/PGAK-keyword-master.csv (India),2.93,40.23,,/biometric-attendance,attendance product page; local pack via GBP services,volume: Planner (real); local share: unknown,P2
attendance-national,face fingerprint attendance machine,commercial,50,Google Keyword Planner export content/PGAK-keyword-master.csv (India),2.83,40.01,,/biometric-attendance,attendance product page; local pack via GBP services,volume: Planner (real); local share: unknown,P2
near-me-local,home security camera system installers near me,local/transactional,50,Google Keyword Planner export content/PGAK-keyword-master.csv (India),7.97,38.30,,/residential-security,residential installers; secondary market,volume: Planner (real); local share: unknown,P3
near-me-local,cctv contractors near me,local/transactional,50,Google Keyword Planner export content/PGAK-keyword-master.csv (India),6.63,37.73,,/cctv-installation-company,installation page; add Ludhiana block + GBP; 'near me' is Maps-pack driven,volume: Planner (real); local share: unknown,P1
attendance-national,mantra biometric attendance machine,commercial,50,Google Keyword Planner export content/PGAK-keyword-master.csv (India),1.20,36.59,,/biometric-attendance,attendance product page; local pack via GBP services,volume: Planner (real); local share: unknown,P2
near-me-local,home security cameras installation near me,local/transactional,50,Google Keyword Planner export content/PGAK-keyword-master.csv (India),5.56,35.75,,/residential-security,residential installers; secondary market,volume: Planner (real); local share: unknown,P3
attendance-national,best biometric attendance machine price,commercial,50,Google Keyword Planner export content/PGAK-keyword-master.csv (India),1.59,35.67,,/biometric-attendance,attendance product page; local pack via GBP services,volume: Planner (real); local share: unknown,P2
attendance-national,good biometric attendance machine,commercial,50,Google Keyword Planner export content/PGAK-keyword-master.csv (India),2.33,35.42,,/biometric-attendance,attendance product page; local pack via GBP services,volume: Planner (real); local share: unknown,P2
attendance-national,biometric attendance machine wifi,commercial,50,Google Keyword Planner export content/PGAK-keyword-master.csv (India),2.08,34.99,,/biometric-attendance,attendance product page; local pack via GBP services,volume: Planner (real); local share: unknown,P2
attendance-national,essl attendance machine price,commercial,50,Google Keyword Planner export content/PGAK-keyword-master.csv (India),0.69,34.24,,/biometric-attendance,attendance product page; local pack via GBP services,volume: Planner (real); local share: unknown,P2
installation-national,hikvision cctv installation,commercial,50,Google Keyword Planner export content/PGAK-keyword-master.csv (India),5.36,29.50,,/cctv-installation-company,installation page; add Ludhiana block + GBP; 'near me' is Maps-pack driven,volume: Planner (real); local share: unknown,P1
attendance-national,biometric attendance essl,commercial,50,Google Keyword Planner export content/PGAK-keyword-master.csv (India),1.35,28.15,,/biometric-attendance,attendance product page; local pack via GBP services,volume: Planner (real); local share: unknown,P2
attendance-national,realtime c101 attendance machine,commercial,50,Google Keyword Planner export content/PGAK-keyword-master.csv (India),1.34,27.96,,/biometric-attendance,attendance product page; local pack via GBP services,volume: Planner (real); local share: unknown,P2
installation-national,urban clap cctv installation,commercial,50,Google Keyword Planner export content/PGAK-keyword-master.csv (India),4.21,27.43,,/cctv-installation-company,installation page; add Ludhiana block + GBP; 'near me' is Maps-pack driven,volume: Planner (real); local share: unknown,P1
near-me-local,camera installation companies near me,local/transactional,50,Google Keyword Planner export content/PGAK-keyword-master.csv (India),2.88,26.49,,/cctv-installation-company,installation page; add Ludhiana block + GBP; 'near me' is Maps-pack driven,volume: Planner (real); local share: unknown,P1
attendance-national,fingerprint punching machine price,commercial,50,Google Keyword Planner export content/PGAK-keyword-master.csv (India),0.49,24.81,,/biometric-attendance,attendance product page; local pack via GBP services,volume: Planner (real); local share: unknown,P2
near-me-local,home security camera service near me,local/transactional,50,Google Keyword Planner export content/PGAK-keyword-master.csv (India),6.34,18.49,,/residential-security,residential installers; secondary market,volume: Planner (real); local share: unknown,P3
attendance-national,thumb punching attendance machine price,commercial,50,Google Keyword Planner export content/PGAK-keyword-master.csv (India),1.38,17.48,,/biometric-attendance,attendance product page; local pack via GBP services,volume: Planner (real); local share: unknown,P2
attendance-national,essl face attendance machine price,commercial,50,Google Keyword Planner export content/PGAK-keyword-master.csv (India),1.33,14.80,,/biometric-attendance,attendance product page; local pack via GBP services,volume: Planner (real); local share: unknown,P2
near-me-local,home security camera installation service near me,local/transactional,50,Google Keyword Planner export content/PGAK-keyword-master.csv (India),5.99,14.28,,/residential-security,residential installers; secondary market,volume: Planner (real); local share: unknown,P3
attendance-national,essl fingerprint attendance machine,commercial,50,Google Keyword Planner export content/PGAK-keyword-master.csv (India),1.03,13.35,,/biometric-attendance,attendance product page; local pack via GBP services,volume: Planner (real); local share: unknown,P2
ludhiana-local,cctv camera shop in ludhiana,local/transactional,50,Google Keyword Planner export content/PGAK-keyword-master.csv (India),5.70,8.68,,/ai-cctv-ludhiana,hardware/dealer intent — PGAK does not sell cameras; page states that and offers audit,volume: Planner (real); local share: unknown,P3
ludhiana-local,cctv camera price ludhiana,local/transactional,50,Google Keyword Planner export content/PGAK-keyword-master.csv (India),0.37,7.83,,/ai-cctv-ludhiana,hardware/dealer intent — PGAK does not sell cameras; page states that and offers audit,volume: Planner (real); local share: unknown,P3
attendance-national,biometric attendance machine essl,commercial,50,Google Keyword Planner export content/PGAK-keyword-master.csv (India),1.64,7.27,,/biometric-attendance,attendance product page; local pack via GBP services,volume: Planner (real); local share: unknown,P2
attendance-national,biometric attendance card,commercial,50,Google Keyword Planner export content/PGAK-keyword-master.csv (India),0.58,5.51,,/biometric-attendance,attendance product page; local pack via GBP services,volume: Planner (real); local share: unknown,P2
attendance-national,realtime t304f biometric attendance machine,commercial,50,Google Keyword Planner export content/PGAK-keyword-master.csv (India),0.67,4.87,,/biometric-attendance,attendance product page; local pack via GBP services,volume: Planner (real); local share: unknown,P2
attendance-national,essl face reader attendance machine,commercial,50,Google Keyword Planner export content/PGAK-keyword-master.csv (India),1.01,3.71,,/biometric-attendance,attendance product page; local pack via GBP services,volume: Planner (real); local share: unknown,P2
attendance-national,rfid card attendance machine,commercial,50,Google Keyword Planner export content/PGAK-keyword-master.csv (India),0.77,3.55,,/biometric-attendance,attendance product page; local pack via GBP services,volume: Planner (real); local share: unknown,P2
attendance-national,id card attendance machine,commercial,50,Google Keyword Planner export content/PGAK-keyword-master.csv (India),0.65,3.26,,/biometric-attendance,attendance product page; local pack via GBP services,volume: Planner (real); local share: unknown,P2
attendance-national,attendance card punching machine price,commercial,50,Google Keyword Planner export content/PGAK-keyword-master.csv (India),0.58,2.79,,/biometric-attendance,attendance product page; local pack via GBP services,volume: Planner (real); local share: unknown,P2
near-me-local,security camera company near me,local/transactional,50,Google Keyword Planner export content/PGAK-keyword-master.csv (India),0.00,0.00,,/cctv-installation-company,installation page; add Ludhiana block + GBP; 'near me' is Maps-pack driven,volume: Planner (real); local share: unknown,P1
near-me-local,companies that install security cameras near me,local/transactional,50,Google Keyword Planner export content/PGAK-keyword-master.csv (India),0.00,0.00,,/cctv-installation-company,installation page; add Ludhiana block + GBP; 'near me' is Maps-pack driven,volume: Planner (real); local share: unknown,P1
near-me-local,security camera system installation near me,local/transactional,50,Google Keyword Planner export content/PGAK-keyword-master.csv (India),0.00,0.00,,/cctv-installation-company,installation page; add Ludhiana block + GBP; 'near me' is Maps-pack driven,volume: Planner (real); local share: unknown,P1
near-me-local,commercial security camera installation near me,local/transactional,50,Google Keyword Planner export content/PGAK-keyword-master.csv (India),0.00,0.00,,/cctv-installation-company,installation page; add Ludhiana block + GBP; 'near me' is Maps-pack driven,volume: Planner (real); local share: unknown,P1
installation-national,home security camera installation service,commercial,50,Google Keyword Planner export content/PGAK-keyword-master.csv (India),0.00,0.00,,/residential-security,residential installers; secondary market,volume: Planner (real); local share: unknown,P3
installation-national,security camera installers in my area,commercial,50,Google Keyword Planner export content/PGAK-keyword-master.csv (India),0.00,0.00,,/cctv-installation-company,installation page; add Ludhiana block + GBP; 'near me' is Maps-pack driven,volume: Planner (real); local share: unknown,P1
near-me-local,security camera installation companies near me,local/transactional,50,Google Keyword Planner export content/PGAK-keyword-master.csv (India),0.00,0.00,,/cctv-installation-company,installation page; add Ludhiana block + GBP; 'near me' is Maps-pack driven,volume: Planner (real); local share: unknown,P1
near-me-local,best security camera installers near me,local/transactional,50,Google Keyword Planner export content/PGAK-keyword-master.csv (India),0.00,0.00,,/cctv-installation-company,installation page; add Ludhiana block + GBP; 'near me' is Maps-pack driven,volume: Planner (real); local share: unknown,P1
installation-national,security camera installation service,commercial,50,Google Keyword Planner export content/PGAK-keyword-master.csv (India),0.00,0.00,,/cctv-installation-company,installation page; add Ludhiana block + GBP; 'near me' is Maps-pack driven,volume: Planner (real); local share: unknown,P1
near-me-local,residential security camera installation near me,local/transactional,50,Google Keyword Planner export content/PGAK-keyword-master.csv (India),0.00,0.00,,/cctv-installation-company,installation page; add Ludhiana block + GBP; 'near me' is Maps-pack driven,volume: Planner (real); local share: unknown,P1
near-me-local,security camera system installation companies near me,local/transactional,50,Google Keyword Planner export content/PGAK-keyword-master.csv (India),0.00,0.00,,/cctv-installation-company,installation page; add Ludhiana block + GBP; 'near me' is Maps-pack driven,volume: Planner (real); local share: unknown,P1
near-me-local,commercial security cameras installation near me,local/transactional,50,Google Keyword Planner export content/PGAK-keyword-master.csv (India),0.00,0.00,,/cctv-installation-company,installation page; add Ludhiana block + GBP; 'near me' is Maps-pack driven,volume: Planner (real); local share: unknown,P1
installation-national,outdoor security camera installation companies,commercial,50,Google Keyword Planner export content/PGAK-keyword-master.csv (India),0.00,0.00,,/cctv-installation-company,installation page; add Ludhiana block + GBP; 'near me' is Maps-pack driven,volume: Planner (real); local share: unknown,P1
near-me-local,home surveillance installers near me,local/transactional,50,Google Keyword Planner export content/PGAK-keyword-master.csv (India),0.00,0.00,,/residential-security,residential installers; secondary market,volume: Planner (real); local share: unknown,P3
near-me-local,video security system installation near me,local/transactional,50,Google Keyword Planner export content/PGAK-keyword-master.csv (India),0.00,0.00,,/cctv-installation-company,installation page; add Ludhiana block + GBP; 'near me' is Maps-pack driven,volume: Planner (real); local share: unknown,P1
near-me-local,security camera contractors near me,local/transactional,50,Google Keyword Planner export content/PGAK-keyword-master.csv (India),0.00,0.00,,/cctv-installation-company,installation page; add Ludhiana block + GBP; 'near me' is Maps-pack driven,volume: Planner (real); local share: unknown,P1
near-me-local,home security camera installation companies near me,local/transactional,50,Google Keyword Planner export content/PGAK-keyword-master.csv (India),0.00,0.00,,/residential-security,residential installers; secondary market,volume: Planner (real); local share: unknown,P3
installation-national,best security camera installation companies,commercial,50,Google Keyword Planner export content/PGAK-keyword-master.csv (India),0.00,0.00,,/cctv-installation-company,installation page; add Ludhiana block + GBP; 'near me' is Maps-pack driven,volume: Planner (real); local share: unknown,P1
installation-national,smart security camera installation,commercial,50,Google Keyword Planner export content/PGAK-keyword-master.csv (India),0.00,0.00,,/cctv-installation-company,installation page; add Ludhiana block + GBP; 'near me' is Maps-pack driven,volume: Planner (real); local share: unknown,P1
near-me-local,surveillance camera companies near me,local/transactional,50,Google Keyword Planner export content/PGAK-keyword-master.csv (India),0.00,0.00,,/cctv-installation-company,installation page; add Ludhiana block + GBP; 'near me' is Maps-pack driven,volume: Planner (real); local share: unknown,P1
attendance-national,time punching machine fingerprint,commercial,50,Google Keyword Planner export content/PGAK-keyword-master.csv (India),0.00,0.00,,/biometric-attendance,attendance product page; local pack via GBP services,volume: Planner (real); local share: unknown,P2
near-me-local,home surveillance cameras installation near me,local/transactional,50,Google Keyword Planner export content/PGAK-keyword-master.csv (India),0.00,0.00,,/residential-security,residential installers; secondary market,volume: Planner (real); local share: unknown,P3
installation-national,phoenix security camera installation,commercial,50,Google Keyword Planner export content/PGAK-keyword-master.csv (India),0.00,0.00,,/cctv-installation-company,installation page; add Ludhiana block + GBP; 'near me' is Maps-pack driven,volume: Planner (real); local share: unknown,P1
attendance-national,face recognition time attendance machine,commercial,50,Google Keyword Planner export content/PGAK-keyword-master.csv (India),0.00,0.00,,/biometric-attendance,attendance product page; local pack via GBP services,volume: Planner (real); local share: unknown,P2
near-me-local,residential security camera installers near me,local/transactional,50,Google Keyword Planner export content/PGAK-keyword-master.csv (India),0.00,0.00,,/cctv-installation-company,installation page; add Ludhiana block + GBP; 'near me' is Maps-pack driven,volume: Planner (real); local share: unknown,P1
installation-national,best security camera installers,commercial,50,Google Keyword Planner export content/PGAK-keyword-master.csv (India),0.00,0.00,,/cctv-installation-company,installation page; add Ludhiana block + GBP; 'near me' is Maps-pack driven,volume: Planner (real); local share: unknown,P1
installation-national,home camera installation company,commercial,50,Google Keyword Planner export content/PGAK-keyword-master.csv (India),0.00,0.00,,/residential-security,residential installers; secondary market,volume: Planner (real); local share: unknown,P3
installation-national,best cctv installation companies,commercial,50,Google Keyword Planner export content/PGAK-keyword-master.csv (India),0.00,0.00,,/cctv-installation-company,installation page; add Ludhiana block + GBP; 'near me' is Maps-pack driven,volume: Planner (real); local share: unknown,P1
attendance-national,portable biometric attendance system,commercial,50,Google Keyword Planner export content/PGAK-keyword-master.csv (India),0.00,0.00,,/biometric-attendance,attendance product page; local pack via GBP services,volume: Planner (real); local share: unknown,P2
installation-national,surveillance camera installation service,commercial,50,Google Keyword Planner export content/PGAK-keyword-master.csv (India),0.00,0.00,,/cctv-installation-company,installation page; add Ludhiana block + GBP; 'near me' is Maps-pack driven,volume: Planner (real); local share: unknown,P1
near-me-local,video surveillance system installation near me,local/transactional,50,Google Keyword Planner export content/PGAK-keyword-master.csv (India),0.00,0.00,,/cctv-installation-company,installation page; add Ludhiana block + GBP; 'near me' is Maps-pack driven,volume: Planner (real); local share: unknown,P1
attendance-national,face and fingerprint time attendance machine,commercial,50,Google Keyword Planner export content/PGAK-keyword-master.csv (India),0.00,0.00,,/biometric-attendance,attendance product page; local pack via GBP services,volume: Planner (real); local share: unknown,P2
near-me-local,video surveillance system installers near me,local/transactional,50,Google Keyword Planner export content/PGAK-keyword-master.csv (India),0.00,0.00,,/cctv-installation-company,installation page; add Ludhiana block + GBP; 'near me' is Maps-pack driven,volume: Planner (real); local share: unknown,P1
attendance-national,biometric attendance monitoring system,commercial,50,Google Keyword Planner export content/PGAK-keyword-master.csv (India),0.00,0.00,,/biometric-attendance,attendance product page; local pack via GBP services,volume: Planner (real); local share: unknown,P2
installation-national,sira certified cctv companies,commercial,50,Google Keyword Planner export content/PGAK-keyword-master.csv (India),0.00,0.00,,/cctv-installation-company,installation page; add Ludhiana block + GBP; 'near me' is Maps-pack driven,volume: Planner (real); local share: unknown,P1
attendance-national,mcgm biometric attendance,commercial,50,Google Keyword Planner export content/PGAK-keyword-master.csv (India),0.00,0.00,,/biometric-attendance,attendance product page; local pack via GBP services,volume: Planner (real); local share: unknown,P2
attendance-national,attendance machine company,commercial,50,Google Keyword Planner export content/PGAK-keyword-master.csv (India),0.00,0.00,,/biometric-attendance,attendance product page; local pack via GBP services,volume: Planner (real); local share: unknown,P2
attendance-national,biometric fingerprint time attendance machine,commercial,50,Google Keyword Planner export content/PGAK-keyword-master.csv (India),0.00,0.00,,/biometric-attendance,attendance product page; local pack via GBP services,volume: Planner (real); local share: unknown,P2
attendance-national,free online biometric attendance system,commercial,50,Google Keyword Planner export content/PGAK-keyword-master.csv (India),0.00,0.00,,/biometric-attendance,attendance product page; local pack via GBP services,volume: Planner (real); local share: unknown,P2
installation-national,licensed security camera installer,commercial,50,Google Keyword Planner export content/PGAK-keyword-master.csv (India),0.00,0.00,,/cctv-installation-company,installation page; add Ludhiana block + GBP; 'near me' is Maps-pack driven,volume: Planner (real); local share: unknown,P1
attendance-national,biometric attendance system in mobile,commercial,50,Google Keyword Planner export content/PGAK-keyword-master.csv (India),0.00,0.00,,/biometric-attendance,attendance product page; local pack via GBP services,volume: Planner (real); local share: unknown,P2
attendance-national,portable time attendance machine,commercial,50,Google Keyword Planner export content/PGAK-keyword-master.csv (India),0.00,0.00,,/biometric-attendance,attendance product page; local pack via GBP services,volume: Planner (real); local share: unknown,P2
attendance-national,wireless biometric attendance system,commercial,50,Google Keyword Planner export content/PGAK-keyword-master.csv (India),0.00,0.00,,/biometric-attendance,attendance product page; local pack via GBP services,volume: Planner (real); local share: unknown,P2
attendance-national,the best fingerprint attendance machine,commercial,50,Google Keyword Planner export content/PGAK-keyword-master.csv (India),0.00,0.00,,/biometric-attendance,attendance product page; local pack via GBP services,volume: Planner (real); local share: unknown,P2
attendance-national,zkteco fingerprint attendance machine,commercial,50,Google Keyword Planner export content/PGAK-keyword-master.csv (India),0.00,0.00,,/biometric-attendance,attendance product page; local pack via GBP services,volume: Planner (real); local share: unknown,P2
attendance-national,centralized biometric attendance system,commercial,50,Google Keyword Planner export content/PGAK-keyword-master.csv (India),0.00,0.00,,/biometric-attendance,attendance product page; local pack via GBP services,volume: Planner (real); local share: unknown,P2
attendance-national,ironclad fingerprint employee attendance machine,commercial,50,Google Keyword Planner export content/PGAK-keyword-master.csv (India),0.00,0.00,,/biometric-attendance,attendance product page; local pack via GBP services,volume: Planner (real); local share: unknown,P2
attendance-national,fingerprint time attendance machine system,commercial,50,Google Keyword Planner export content/PGAK-keyword-master.csv (India),0.00,0.00,,/biometric-attendance,attendance product page; local pack via GBP services,volume: Planner (real); local share: unknown,P2
attendance-national,aadhaar biometric attendance system,commercial,50,Google Keyword Planner export content/PGAK-keyword-master.csv (India),0.00,0.00,,/biometric-attendance,attendance product page; local pack via GBP services,volume: Planner (real); local share: unknown,P2
attendance-national,aadhaar enabled biometric attendance,commercial,50,Google Keyword Planner export content/PGAK-keyword-master.csv (India),0.00,0.00,,/biometric-attendance,attendance product page; local pack via GBP services,volume: Planner (real); local share: unknown,P2
attendance-national,aadhaar enabled biometric attendance machine,commercial,50,Google Keyword Planner export content/PGAK-keyword-master.csv (India),0.00,0.00,,/biometric-attendance,attendance product page; local pack via GBP services,volume: Planner (real); local share: unknown,P2
attendance-national,aadhaar enabled biometric attendance machine price,commercial,50,Google Keyword Planner export content/PGAK-keyword-master.csv (India),0.00,0.00,,/biometric-attendance,attendance product page; local pack via GBP services,volume: Planner (real); local share: unknown,P2
attendance-national,aadhaar enabled biometric attendance system price,commercial,50,Google Keyword Planner export content/PGAK-keyword-master.csv (India),0.00,0.00,,/biometric-attendance,attendance product page; local pack via GBP services,volume: Planner (real); local share: unknown,P2
attendance-national,aibecy fingerprint attendance machine,commercial,50,Google Keyword Planner export content/PGAK-keyword-master.csv (India),0.00,0.00,,/biometric-attendance,attendance product page; local pack via GBP services,volume: Planner (real); local share: unknown,P2
attendance-national,attendance machine mantra,commercial,50,Google Keyword Planner export content/PGAK-keyword-master.csv (India),0.00,0.00,,/biometric-attendance,attendance product page; local pack via GBP services,volume: Planner (real); local share: unknown,P2
attendance-national,attendance machine real time,commercial,50,Google Keyword Planner export content/PGAK-keyword-master.csv (India),0.00,0.00,,/biometric-attendance,attendance product page; local pack via GBP services,volume: Planner (real); local share: unknown,P2
attendance-national,attendance machine system,commercial,50,Google Keyword Planner export content/PGAK-keyword-master.csv (India),0.00,0.00,,/biometric-attendance,attendance product page; local pack via GBP services,volume: Planner (real); local share: unknown,P2
attendance-national,attendance machine with eye scanner,commercial,50,Google Keyword Planner export content/PGAK-keyword-master.csv (India),0.00,0.00,,/biometric-attendance,attendance product page; local pack via GBP services,volume: Planner (real); local share: unknown,P2
attendance-national,attendance machine with sim card,commercial,50,Google Keyword Planner export content/PGAK-keyword-master.csv (India),0.00,0.00,,/biometric-attendance,attendance product page; local pack via GBP services,volume: Planner (real); local share: unknown,P2
attendance-national,attendance machine zkteco,commercial,50,Google Keyword Planner export content/PGAK-keyword-master.csv (India),0.00,0.00,,/biometric-attendance,attendance product page; local pack via GBP services,volume: Planner (real); local share: unknown,P2
installation-national,best cctv installers,commercial,50,Google Keyword Planner export content/PGAK-keyword-master.csv (India),0.00,0.00,,/cctv-installation-company,installation page; add Ludhiana block + GBP; 'near me' is Maps-pack driven,volume: Planner (real); local share: unknown,P1
attendance-national,biomax attendance machine price,commercial,50,Google Keyword Planner export content/PGAK-keyword-master.csv (India),0.00,0.00,,/biometric-attendance,attendance product page; local pack via GBP services,volume: Planner (real); local share: unknown,P2
attendance-national,biomax biometric attendance system,commercial,50,Google Keyword Planner export content/PGAK-keyword-master.csv (India),0.00,0.00,,/biometric-attendance,attendance product page; local pack via GBP services,volume: Planner (real); local share: unknown,P2
attendance-national,biometric attendance aadhaar based,commercial,50,Google Keyword Planner export content/PGAK-keyword-master.csv (India),0.00,0.00,,/biometric-attendance,attendance product page; local pack via GBP services,volume: Planner (real); local share: unknown,P2
attendance-national,biometric attendance authentication system,commercial,50,Google Keyword Planner export content/PGAK-keyword-master.csv (India),0.00,0.00,,/biometric-attendance,attendance product page; local pack via GBP services,volume: Planner (real); local share: unknown,P2
attendance-national,biometric attendance bmc,commercial,50,Google Keyword Planner export content/PGAK-keyword-master.csv (India),0.00,0.00,,/biometric-attendance,attendance product page; local pack via GBP services,volume: Planner (real); local share: unknown,P2
attendance-national,biometric attendance card system,commercial,50,Google Keyword Planner export content/PGAK-keyword-master.csv (India),0.00,0.00,,/biometric-attendance,attendance product page; local pack via GBP services,volume: Planner (real); local share: unknown,P2
attendance-national,biometric attendance download,commercial,50,Google Keyword Planner export content/PGAK-keyword-master.csv (India),0.00,0.00,,/biometric-attendance,attendance product page; local pack via GBP services,volume: Planner (real); local share: unknown,P2
attendance-national,biometric attendance in,commercial,50,Google Keyword Planner export content/PGAK-keyword-master.csv (India),0.00,0.00,,/biometric-attendance,attendance product page; local pack via GBP services,volume: Planner (real); local share: unknown,P2
attendance-national,biometric attendance in indian railways,commercial,50,Google Keyword Planner export content/PGAK-keyword-master.csv (India),0.00,0.00,,/biometric-attendance,attendance product page; local pack via GBP services,volume: Planner (real); local share: unknown,P2
attendance-national,biometric attendance machine access control,commercial,50,Google Keyword Planner export content/PGAK-keyword-master.csv (India),0.00,0.00,,/biometric-attendance,attendance product page; local pack via GBP services,volume: Planner (real); local share: unknown,P2
attendance-national,biometric attendance machine essl k30,commercial,50,Google Keyword Planner export content/PGAK-keyword-master.csv (India),0.00,0.00,,/biometric-attendance,attendance product page; local pack via GBP services,volume: Planner (real); local share: unknown,P2
attendance-national,biometric attendance machine face and rfid,commercial,50,Google Keyword Planner export content/PGAK-keyword-master.csv (India),0.00,0.00,,/biometric-attendance,attendance product page; local pack via GBP services,volume: Planner (real); local share: unknown,P2
attendance-national,biometric attendance machine online,commercial,50,Google Keyword Planner export content/PGAK-keyword-master.csv (India),0.00,0.00,,/biometric-attendance,attendance product page; local pack via GBP services,volume: Planner (real); local share: unknown,P2
attendance-national,biometric attendance machine with card,commercial,50,Google Keyword Planner export content/PGAK-keyword-master.csv (India),0.00,0.00,,/biometric-attendance,attendance product page; local pack via GBP services,volume: Planner (real); local share: unknown,P2
attendance-national,biometric attendance management,commercial,50,Google Keyword Planner export content/PGAK-keyword-master.csv (India),0.00,0.00,,/biometric-attendance,attendance product page; local pack via GBP services,volume: Planner (real); local share: unknown,P2
attendance-national,biometric attendance mcgm,commercial,50,Google Keyword Planner export content/PGAK-keyword-master.csv (India),0.00,0.00,,/biometric-attendance,attendance product page; local pack via GBP services,volume: Planner (real); local share: unknown,P2
attendance-national,biometric attendance print out,commercial,50,Google Keyword Planner export content/PGAK-keyword-master.csv (India),0.00,0.00,,/biometric-attendance,attendance product page; local pack via GBP services,volume: Planner (real); local share: unknown,P2
attendance-national,biometric attendance reader,commercial,50,Google Keyword Planner export content/PGAK-keyword-master.csv (India),0.00,0.00,,/biometric-attendance,attendance product page; local pack via GBP services,volume: Planner (real); local share: unknown,P2
attendance-national,biometric attendance recording system,commercial,50,Google Keyword Planner export content/PGAK-keyword-master.csv (India),0.00,0.00,,/biometric-attendance,attendance product page; local pack via GBP services,volume: Planner (real); local share: unknown,P2
attendance-national,biometric attendance scanner,commercial,50,Google Keyword Planner export content/PGAK-keyword-master.csv (India),0.00,0.00,,/biometric-attendance,attendance product page; local pack via GBP services,volume: Planner (real); local share: unknown,P2
attendance-national,biometric attendance system amazon,commercial,50,Google Keyword Planner export content/PGAK-keyword-master.csv (India),0.00,0.00,,/biometric-attendance,attendance product page; local pack via GBP services,volume: Planner (real); local share: unknown,P2
attendance-national,biometric attendance system companies,commercial,50,Google Keyword Planner export content/PGAK-keyword-master.csv (India),0.00,0.00,,/biometric-attendance,attendance product page; local pack via GBP services,volume: Planner (real); local share: unknown,P2
attendance-national,biometric attendance system download,commercial,50,Google Keyword Planner export content/PGAK-keyword-master.csv (India),0.00,0.00,,/biometric-attendance,attendance product page; local pack via GBP services,volume: Planner (real); local share: unknown,P2
attendance-national,biometric attendance system for large enterprise,commercial,50,Google Keyword Planner export content/PGAK-keyword-master.csv (India),0.00,0.00,,/biometric-attendance,attendance product page; local pack via GBP services,volume: Planner (real); local share: unknown,P2
attendance-national,biometric attendance system machine,commercial,50,Google Keyword Planner export content/PGAK-keyword-master.csv (India),0.00,0.00,,/biometric-attendance,attendance product page; local pack via GBP services,volume: Planner (real); local share: unknown,P2
attendance-national,biometric attendance system nic,commercial,50,Google Keyword Planner export content/PGAK-keyword-master.csv (India),0.00,0.00,,/biometric-attendance,attendance product page; local pack via GBP services,volume: Planner (real); local share: unknown,P2
attendance-national,biometric attendance system secureye,commercial,50,Google Keyword Planner export content/PGAK-keyword-master.csv (India),0.00,0.00,,/biometric-attendance,attendance product page; local pack via GBP services,volume: Planner (real); local share: unknown,P2
attendance-national,biometric attendance system suppliers,commercial,50,Google Keyword Planner export content/PGAK-keyword-master.csv (India),0.00,0.00,,/biometric-attendance,attendance product page; local pack via GBP services,volume: Planner (real); local share: unknown,P2
attendance-national,biometric attendance system using python,commercial,50,Google Keyword Planner export content/PGAK-keyword-master.csv (India),0.00,0.00,,/biometric-attendance,attendance product page; local pack via GBP services,volume: Planner (real); local share: unknown,P2
attendance-national,biometric attendance system v3 1.0 1,commercial,50,Google Keyword Planner export content/PGAK-keyword-master.csv (India),0.00,0.00,,/biometric-attendance,attendance product page; local pack via GBP services,volume: Planner (real); local share: unknown,P2
attendance-national,biometric attendance system v3 1.0 1 download,commercial,50,Google Keyword Planner export content/PGAK-keyword-master.csv (India),0.00,0.00,,/biometric-attendance,attendance product page; local pack via GBP services,volume: Planner (real); local share: unknown,P2
attendance-national,biometric attendance system zkteco k40,commercial,50,Google Keyword Planner export content/PGAK-keyword-master.csv (India),0.00,0.00,,/biometric-attendance,attendance product page; local pack via GBP services,volume: Planner (real); local share: unknown,P2
attendance-national,biometric attendance with aadhaar enabled,commercial,50,Google Keyword Planner export content/PGAK-keyword-master.csv (India),0.00,0.00,,/biometric-attendance,attendance product page; local pack via GBP services,volume: Planner (real); local share: unknown,P2
attendance-national,biometric attendance with id card,commercial,50,Google Keyword Planner export content/PGAK-keyword-master.csv (India),0.00,0.00,,/biometric-attendance,attendance product page; local pack via GBP services,volume: Planner (real); local share: unknown,P2
attendance-national,bmc biometric attendance,commercial,50,Google Keyword Planner export content/PGAK-keyword-master.csv (India),0.00,0.00,,/biometric-attendance,attendance product page; local pack via GBP services,volume: Planner (real); local share: unknown,P2
attendance-national,card swipe attendance machine,commercial,50,Google Keyword Planner export content/PGAK-keyword-master.csv (India),0.00,0.00,,/biometric-attendance,attendance product page; local pack via GBP services,volume: Planner (real); local share: unknown,P2
ludhiana-local,cctv camera dealers in ludhiana,local/transactional,50,Google Keyword Planner export content/PGAK-keyword-master.csv (India),0.00,0.00,,/ai-cctv-ludhiana,localised commercial page; title/H1 to carry installation intent,volume: Planner (real); local share: unknown,P1
ludhiana-local,cctv camera installation in ludhiana,local/transactional,50,Google Keyword Planner export content/PGAK-keyword-master.csv (India),0.00,0.00,,/ai-cctv-ludhiana,localised commercial page; title/H1 to carry installation intent,volume: Planner (real); local share: unknown,P1
ludhiana-local,cctv camera wholesale market in ludhiana,local/transactional,50,Google Keyword Planner export content/PGAK-keyword-master.csv (India),0.00,0.00,,/ai-cctv-ludhiana,localised commercial page; title/H1 to carry installation intent,volume: Planner (real); local share: unknown,P1
ludhiana-local,cctv dealers in ludhiana,local/transactional,50,Google Keyword Planner export content/PGAK-keyword-master.csv (India),0.00,0.00,,/ai-cctv-ludhiana,localised commercial page; title/H1 to carry installation intent,volume: Planner (real); local share: unknown,P1
ludhiana-local,cctv in ludhiana,local/transactional,50,Google Keyword Planner export content/PGAK-keyword-master.csv (India),0.00,0.00,,/ai-cctv-ludhiana,localised commercial page; title/H1 to carry installation intent,volume: Planner (real); local share: unknown,P1
installation-national,cctv installation urbanclap,commercial,50,Google Keyword Planner export content/PGAK-keyword-master.csv (India),0.00,0.00,,/cctv-installation-company,installation page; add Ludhiana block + GBP; 'near me' is Maps-pack driven,volume: Planner (real); local share: unknown,P1
attendance-national,central biometric attendance,commercial,50,Google Keyword Planner export content/PGAK-keyword-master.csv (India),0.00,0.00,,/biometric-attendance,attendance product page; local pack via GBP services,volume: Planner (real); local share: unknown,P2
attendance-national,central biometric attendance system,commercial,50,Google Keyword Planner export content/PGAK-keyword-master.csv (India),0.00,0.00,,/biometric-attendance,attendance product page; local pack via GBP services,volume: Planner (real); local share: unknown,P2
attendance-national,contactless biometric attendance system,commercial,50,Google Keyword Planner export content/PGAK-keyword-master.csv (India),0.00,0.00,,/biometric-attendance,attendance product page; local pack via GBP services,volume: Planner (real); local share: unknown,P2
attendance-national,drdo biometric attendance system,commercial,50,Google Keyword Planner export content/PGAK-keyword-master.csv (India),0.00,0.00,,/biometric-attendance,attendance product page; local pack via GBP services,volume: Planner (real); local share: unknown,P2
attendance-national,essl attendance machine k30,commercial,50,Google Keyword Planner export content/PGAK-keyword-master.csv (India),0.00,0.00,,/biometric-attendance,attendance product page; local pack via GBP services,volume: Planner (real); local share: unknown,P2
attendance-national,essl attendance machine k90,commercial,50,Google Keyword Planner export content/PGAK-keyword-master.csv (India),0.00,0.00,,/biometric-attendance,attendance product page; local pack via GBP services,volume: Planner (real); local share: unknown,P2
attendance-national,essl biometric attendance download,commercial,50,Google Keyword Planner export content/PGAK-keyword-master.csv (India),0.00,0.00,,/biometric-attendance,attendance product page; local pack via GBP services,volume: Planner (real); local share: unknown,P2
attendance-national,essl biometric attendance machine access control,commercial,50,Google Keyword Planner export content/PGAK-keyword-master.csv (India),0.00,0.00,,/biometric-attendance,attendance product page; local pack via GBP services,volume: Planner (real); local share: unknown,P2
attendance-national,essl biometric attendance machine price,commercial,50,Google Keyword Planner export content/PGAK-keyword-master.csv (India),0.00,0.00,,/biometric-attendance,attendance product page; local pack via GBP services,volume: Planner (real); local share: unknown,P2
attendance-national,essl biometric attendance system e9c wifi,commercial,50,Google Keyword Planner export content/PGAK-keyword-master.csv (India),0.00,0.00,,/biometric-attendance,attendance product page; local pack via GBP services,volume: Planner (real); local share: unknown,P2
attendance-national,essl biometric attendance system price,commercial,50,Google Keyword Planner export content/PGAK-keyword-master.csv (India),0.00,0.00,,/biometric-attendance,attendance product page; local pack via GBP services,volume: Planner (real); local share: unknown,P2
attendance-national,essl f22 biometric attendance machine,commercial,50,Google Keyword Planner export content/PGAK-keyword-master.csv (India),0.00,0.00,,/biometric-attendance,attendance product page; local pack via GBP services,volume: Planner (real); local share: unknown,P2
attendance-national,essl f22 biometric attendance machine with access control,commercial,50,Google Keyword Planner export content/PGAK-keyword-master.csv (India),0.00,0.00,,/biometric-attendance,attendance product page; local pack via GBP services,volume: Planner (real); local share: unknown,P2
attendance-national,essl face and fingerprint time attendance machine,commercial,50,Google Keyword Planner export content/PGAK-keyword-master.csv (India),0.00,0.00,,/biometric-attendance,attendance product page; local pack via GBP services,volume: Planner (real); local share: unknown,P2
attendance-national,essl face recognition attendance machine,commercial,50,Google Keyword Planner export content/PGAK-keyword-master.csv (India),0.00,0.00,,/biometric-attendance,attendance product page; local pack via GBP services,volume: Planner (real); local share: unknown,P2
attendance-national,essl identix k30 pro id b biometric attendance machine,commercial,50,Google Keyword Planner export content/PGAK-keyword-master.csv (India),0.00,0.00,,/biometric-attendance,attendance product page; local pack via GBP services,volume: Planner (real); local share: unknown,P2
attendance-national,essl k21 biometric time attendance machine,commercial,50,Google Keyword Planner export content/PGAK-keyword-master.csv (India),0.00,0.00,,/biometric-attendance,attendance product page; local pack via GBP services,volume: Planner (real); local share: unknown,P2
attendance-national,essl mb160 biometric attendance machine,commercial,50,Google Keyword Planner export content/PGAK-keyword-master.csv (India),0.00,0.00,,/biometric-attendance,attendance product page; local pack via GBP services,volume: Planner (real); local share: unknown,P2
attendance-national,essl x990 biometric attendance system,commercial,50,Google Keyword Planner export content/PGAK-keyword-master.csv (India),0.00,0.00,,/biometric-attendance,attendance product page; local pack via GBP services,volume: Planner (real); local share: unknown,P2
attendance-national,essl x990 biometric time & attendance machine,commercial,50,Google Keyword Planner export content/PGAK-keyword-master.csv (India),0.00,0.00,,/biometric-attendance,attendance product page; local pack via GBP services,volume: Planner (real); local share: unknown,P2
attendance-national,eye biometric attendance system,commercial,50,Google Keyword Planner export content/PGAK-keyword-master.csv (India),0.00,0.00,,/biometric-attendance,attendance product page; local pack via GBP services,volume: Planner (real); local share: unknown,P2
attendance-national,eye retina attendance machine,commercial,50,Google Keyword Planner export content/PGAK-keyword-master.csv (India),0.00,0.00,,/biometric-attendance,attendance product page; local pack via GBP services,volume: Planner (real); local share: unknown,P2
attendance-national,eye scanner attendance machine,commercial,50,Google Keyword Planner export content/PGAK-keyword-master.csv (India),0.00,0.00,,/biometric-attendance,attendance product page; local pack via GBP services,volume: Planner (real); local share: unknown,P2
attendance-national,f18 attendance machine,commercial,50,Google Keyword Planner export content/PGAK-keyword-master.csv (India),0.00,0.00,,/biometric-attendance,attendance product page; local pack via GBP services,volume: Planner (real); local share: unknown,P2
attendance-national,face time attendance machine fa01,commercial,50,Google Keyword Planner export content/PGAK-keyword-master.csv (India),0.00,0.00,,/biometric-attendance,attendance product page; local pack via GBP services,volume: Planner (real); local share: unknown,P2
attendance-national,fingerprint attendance machine amazon,commercial,50,Google Keyword Planner export content/PGAK-keyword-master.csv (India),0.00,0.00,,/biometric-attendance,attendance product page; local pack via GBP services,volume: Planner (real); local share: unknown,P2
attendance-national,gprs based biometric attendance system,commercial,50,Google Keyword Planner export content/PGAK-keyword-master.csv (India),0.00,0.00,,/biometric-attendance,attendance product page; local pack via GBP services,volume: Planner (real); local share: unknown,P2
attendance-national,gprs biometric attendance system,commercial,50,Google Keyword Planner export content/PGAK-keyword-master.csv (India),0.00,0.00,,/biometric-attendance,attendance product page; local pack via GBP services,volume: Planner (real); local share: unknown,P2
attendance-national,hand punch attendance machine,commercial,50,Google Keyword Planner export content/PGAK-keyword-master.csv (India),0.00,0.00,,/biometric-attendance,attendance product page; local pack via GBP services,volume: Planner (real); local share: unknown,P2
attendance-national,handheld biometric attendance system,commercial,50,Google Keyword Planner export content/PGAK-keyword-master.csv (India),0.00,0.00,,/biometric-attendance,attendance product page; local pack via GBP services,volume: Planner (real); local share: unknown,P2
attendance-national,hikvision attendance machine face recognition,commercial,50,Google Keyword Planner export content/PGAK-keyword-master.csv (India),0.00,0.00,,/biometric-attendance,attendance product page; local pack via GBP services,volume: Planner (real); local share: unknown,P2
ludhiana-local,hikvision cctv camera dealers in ludhiana,local/transactional,50,Google Keyword Planner export content/PGAK-keyword-master.csv (India),0.00,0.00,,/ai-cctv-ludhiana,localised commercial page; title/H1 to carry installation intent,volume: Planner (real); local share: unknown,P1
ludhiana-local,hikvision dealers in ludhiana,local/transactional,50,Google Keyword Planner export content/PGAK-keyword-master.csv (India),0.00,0.00,,/ai-cctv-ludhiana,localised commercial page; title/H1 to carry installation intent,volume: Planner (real); local share: unknown,P1
ludhiana-local,hikvision distributor in ludhiana,local/transactional,50,Google Keyword Planner export content/PGAK-keyword-master.csv (India),0.00,0.00,,/ai-cctv-ludhiana,localised commercial page; title/H1 to carry installation intent,volume: Planner (real); local share: unknown,P1
near-me-local,home surveillance installation near me,local/transactional,50,Google Keyword Planner export content/PGAK-keyword-master.csv (India),0.00,0.00,,/residential-security,residential installers; secondary market,volume: Planner (real); local share: unknown,P3
attendance-national,identix biometric attendance,commercial,50,Google Keyword Planner export content/PGAK-keyword-master.csv (India),0.00,0.00,,/biometric-attendance,attendance product page; local pack via GBP services,volume: Planner (real); local share: unknown,P2
attendance-national,iris attendance machine,commercial,50,Google Keyword Planner export content/PGAK-keyword-master.csv (India),0.00,0.00,,/biometric-attendance,attendance product page; local pack via GBP services,volume: Planner (real); local share: unknown,P2
attendance-national,k21 attendance machine,commercial,50,Google Keyword Planner export content/PGAK-keyword-master.csv (India),0.00,0.00,,/biometric-attendance,attendance product page; local pack via GBP services,volume: Planner (real); local share: unknown,P2
attendance-national,k30 attendance machine,commercial,50,Google Keyword Planner export content/PGAK-keyword-master.csv (India),0.00,0.00,,/biometric-attendance,attendance product page; local pack via GBP services,volume: Planner (real); local share: unknown,P2
attendance-national,k40 attendance machine,commercial,50,Google Keyword Planner export content/PGAK-keyword-master.csv (India),0.00,0.00,,/biometric-attendance,attendance product page; local pack via GBP services,volume: Planner (real); local share: unknown,P2
attendance-national,k40 biometric attendance device,commercial,50,Google Keyword Planner export content/PGAK-keyword-master.csv (India),0.00,0.00,,/biometric-attendance,attendance product page; local pack via GBP services,volume: Planner (real); local share: unknown,P2
attendance-national,kvic biometric attendance,commercial,50,Google Keyword Planner export content/PGAK-keyword-master.csv (India),0.00,0.00,,/biometric-attendance,attendance product page; local pack via GBP services,volume: Planner (real); local share: unknown,P2
attendance-national,laravel biometric attendance system,commercial,50,Google Keyword Planner export content/PGAK-keyword-master.csv (India),0.00,0.00,,/biometric-attendance,attendance product page; local pack via GBP services,volume: Planner (real); local share: unknown,P2
attendance-national,low cost biometric attendance system,commercial,50,Google Keyword Planner export content/PGAK-keyword-master.csv (India),0.00,0.00,,/biometric-attendance,attendance product page; local pack via GBP services,volume: Planner (real); local share: unknown,P2
ludhiana-local,ludhiana cctv,local/transactional,50,Google Keyword Planner export content/PGAK-keyword-master.csv (India),0.00,0.00,,/ai-cctv-ludhiana,localised commercial page; title/H1 to carry installation intent,volume: Planner (real); local share: unknown,P1
attendance-national,mantra aadhaar based biometric attendance system,commercial,50,Google Keyword Planner export content/PGAK-keyword-master.csv (India),0.00,0.00,,/biometric-attendance,attendance product page; local pack via GBP services,volume: Planner (real); local share: unknown,P2
attendance-national,mantra aadhaar enabled biometric attendance system,commercial,50,Google Keyword Planner export content/PGAK-keyword-master.csv (India),0.00,0.00,,/biometric-attendance,attendance product page; local pack via GBP services,volume: Planner (real); local share: unknown,P2
attendance-national,mantra attendance machine price,commercial,50,Google Keyword Planner export content/PGAK-keyword-master.csv (India),0.00,0.00,,/biometric-attendance,attendance product page; local pack via GBP services,volume: Planner (real); local share: unknown,P2
attendance-national,mantra biometric attendance,commercial,50,Google Keyword Planner export content/PGAK-keyword-master.csv (India),0.00,0.00,,/biometric-attendance,attendance product page; local pack via GBP services,volume: Planner (real); local share: unknown,P2
attendance-national,mantra biometric attendance system,commercial,50,Google Keyword Planner export content/PGAK-keyword-master.csv (India),0.00,0.00,,/biometric-attendance,attendance product page; local pack via GBP services,volume: Planner (real); local share: unknown,P2
attendance-national,matrix attendance machine cost,commercial,50,Google Keyword Planner export content/PGAK-keyword-master.csv (India),0.00,0.00,,/biometric-attendance,attendance product page; local pack via GBP services,volume: Planner (real); local share: unknown,P2
attendance-national,matrix attendance machine price,commercial,50,Google Keyword Planner export content/PGAK-keyword-master.csv (India),0.00,0.00,,/biometric-attendance,attendance product page; local pack via GBP services,volume: Planner (real); local share: unknown,P2
attendance-national,matrix biometric attendance,commercial,50,Google Keyword Planner export content/PGAK-keyword-master.csv (India),0.00,0.00,,/biometric-attendance,attendance product page; local pack via GBP services,volume: Planner (real); local share: unknown,P2
attendance-national,matrix biometric attendance system,commercial,50,Google Keyword Planner export content/PGAK-keyword-master.csv (India),0.00,0.00,,/biometric-attendance,attendance product page; local pack via GBP services,volume: Planner (real); local share: unknown,P2
attendance-national,matrix biometric attendance system price,commercial,50,Google Keyword Planner export content/PGAK-keyword-master.csv (India),0.00,0.00,,/biometric-attendance,attendance product page; local pack via GBP services,volume: Planner (real); local share: unknown,P2
attendance-national,matrix time attendance machine,commercial,50,Google Keyword Planner export content/PGAK-keyword-master.csv (India),0.00,0.00,,/biometric-attendance,attendance product page; local pack via GBP services,volume: Planner (real); local share: unknown,P2
attendance-national,mcgm biometric attendance system,commercial,50,Google Keyword Planner export content/PGAK-keyword-master.csv (India),0.00,0.00,,/biometric-attendance,attendance product page; local pack via GBP services,volume: Planner (real); local share: unknown,P2
attendance-national,mdi attendance machine,commercial,50,Google Keyword Planner export content/PGAK-keyword-master.csv (India),0.00,0.00,,/biometric-attendance,attendance product page; local pack via GBP services,volume: Planner (real); local share: unknown,P2
attendance-national,mi biometric attendance,commercial,50,Google Keyword Planner export content/PGAK-keyword-master.csv (India),0.00,0.00,,/biometric-attendance,attendance product page; local pack via GBP services,volume: Planner (real); local share: unknown,P2
attendance-national,nic biometric attendance,commercial,50,Google Keyword Planner export content/PGAK-keyword-master.csv (India),0.00,0.00,,/biometric-attendance,attendance product page; local pack via GBP services,volume: Planner (real); local share: unknown,P2
attendance-national,nmc biometric attendance system,commercial,50,Google Keyword Planner export content/PGAK-keyword-master.csv (India),0.00,0.00,,/biometric-attendance,attendance product page; local pack via GBP services,volume: Planner (real); local share: unknown,P2
attendance-national,offline biometric attendance machine,commercial,50,Google Keyword Planner export content/PGAK-keyword-master.csv (India),0.00,0.00,,/biometric-attendance,attendance product page; local pack via GBP services,volume: Planner (real); local share: unknown,P2
attendance-national,price biometric attendance machine,commercial,50,Google Keyword Planner export content/PGAK-keyword-master.csv (India),0.00,0.00,,/biometric-attendance,attendance product page; local pack via GBP services,volume: Planner (real); local share: unknown,P2
attendance-national,punch card attendance machine price,commercial,50,Google Keyword Planner export content/PGAK-keyword-master.csv (India),0.00,0.00,,/biometric-attendance,attendance product page; local pack via GBP services,volume: Planner (real); local share: unknown,P2
attendance-national,real time biometric attendance machine price,commercial,50,Google Keyword Planner export content/PGAK-keyword-master.csv (India),0.00,0.00,,/biometric-attendance,attendance product page; local pack via GBP services,volume: Planner (real); local share: unknown,P2
attendance-national,real time biometric attendance system,commercial,50,Google Keyword Planner export content/PGAK-keyword-master.csv (India),0.00,0.00,,/biometric-attendance,attendance product page; local pack via GBP services,volume: Planner (real); local share: unknown,P2
attendance-national,realsoft attendance machine,commercial,50,Google Keyword Planner export content/PGAK-keyword-master.csv (India),0.00,0.00,,/biometric-attendance,attendance product page; local pack via GBP services,volume: Planner (real); local share: unknown,P2
attendance-national,realtek attendance machine,commercial,50,Google Keyword Planner export content/PGAK-keyword-master.csv (India),0.00,0.00,,/biometric-attendance,attendance product page; local pack via GBP services,volume: Planner (real); local share: unknown,P2
attendance-national,realtime biometric attendance device,commercial,50,Google Keyword Planner export content/PGAK-keyword-master.csv (India),0.00,0.00,,/biometric-attendance,attendance product page; local pack via GBP services,volume: Planner (real); local share: unknown,P2
attendance-national,realtime biometric attendance machine price,commercial,50,Google Keyword Planner export content/PGAK-keyword-master.csv (India),0.00,0.00,,/biometric-attendance,attendance product page; local pack via GBP services,volume: Planner (real); local share: unknown,P2
attendance-national,realtime biometric fingerprint attendance machine,commercial,50,Google Keyword Planner export content/PGAK-keyword-master.csv (India),0.00,0.00,,/biometric-attendance,attendance product page; local pack via GBP services,volume: Planner (real); local share: unknown,P2
attendance-national,realtime c121ta biometric attendance machine,commercial,50,Google Keyword Planner export content/PGAK-keyword-master.csv (India),0.00,0.00,,/biometric-attendance,attendance product page; local pack via GBP services,volume: Planner (real); local share: unknown,P2
attendance-national,realtime t304f biometric fingerprints & face time attendance machine,commercial,50,Google Keyword Planner export content/PGAK-keyword-master.csv (India),0.00,0.00,,/biometric-attendance,attendance product page; local pack via GBP services,volume: Planner (real); local share: unknown,P2
attendance-national,realtime t52 biometric attendance system,commercial,50,Google Keyword Planner export content/PGAK-keyword-master.csv (India),0.00,0.00,,/biometric-attendance,attendance product page; local pack via GBP services,volume: Planner (real); local share: unknown,P2
attendance-national,realtime t60 biometric attendance machine,commercial,50,Google Keyword Planner export content/PGAK-keyword-master.csv (India),0.00,0.00,,/biometric-attendance,attendance product page; local pack via GBP services,volume: Planner (real); local share: unknown,P2
installation-national,registered cctv installer,commercial,50,Google Keyword Planner export content/PGAK-keyword-master.csv (India),0.00,0.00,,/cctv-installation-company,installation page; add Ludhiana block + GBP; 'near me' is Maps-pack driven,volume: Planner (real); local share: unknown,P1
attendance-national,retina attendance machine,commercial,50,Google Keyword Planner export content/PGAK-keyword-master.csv (India),0.00,0.00,,/biometric-attendance,attendance product page; local pack via GBP services,volume: Planner (real); local share: unknown,P2
attendance-national,retina biometric attendance system,commercial,50,Google Keyword Planner export content/PGAK-keyword-master.csv (India),0.00,0.00,,/biometric-attendance,attendance product page; local pack via GBP services,volume: Planner (real); local share: unknown,P2
attendance-national,retina scan attendance machine,commercial,50,Google Keyword Planner export content/PGAK-keyword-master.csv (India),0.00,0.00,,/biometric-attendance,attendance product page; local pack via GBP services,volume: Planner (real); local share: unknown,P2
attendance-national,sbj attendance machine,commercial,50,Google Keyword Planner export content/PGAK-keyword-master.csv (India),0.00,0.00,,/biometric-attendance,attendance product page; local pack via GBP services,volume: Planner (real); local share: unknown,P2
attendance-national,secureye biometric attendance,commercial,50,Google Keyword Planner export content/PGAK-keyword-master.csv (India),0.00,0.00,,/biometric-attendance,attendance product page; local pack via GBP services,volume: Planner (real); local share: unknown,P2
attendance-national,secureye biometric attendance machine price,commercial,50,Google Keyword Planner export content/PGAK-keyword-master.csv (India),0.00,0.00,,/biometric-attendance,attendance product page; local pack via GBP services,volume: Planner (real); local share: unknown,P2
attendance-national,smc biometric attendance,commercial,50,Google Keyword Planner export content/PGAK-keyword-master.csv (India),0.00,0.00,,/biometric-attendance,attendance product page; local pack via GBP services,volume: Planner (real); local share: unknown,P2
attendance-national,stl biometric attendance system,commercial,50,Google Keyword Planner export content/PGAK-keyword-master.csv (India),0.00,0.00,,/biometric-attendance,attendance product page; local pack via GBP services,volume: Planner (real); local share: unknown,P2
attendance-national,student biometric attendance,commercial,50,Google Keyword Planner export content/PGAK-keyword-master.csv (India),0.00,0.00,,/biometric-attendance,attendance product page; local pack via GBP services,volume: Planner (real); local share: unknown,P2
attendance-national,suprema attendance machine,commercial,50,Google Keyword Planner export content/PGAK-keyword-master.csv (India),0.00,0.00,,/biometric-attendance,attendance product page; local pack via GBP services,volume: Planner (real); local share: unknown,P2
attendance-national,time attendance card punching machine,commercial,50,Google Keyword Planner export content/PGAK-keyword-master.csv (India),0.00,0.00,,/biometric-attendance,attendance product page; local pack via GBP services,volume: Planner (real); local share: unknown,P2
attendance-national,time attendance machine price,commercial,50,Google Keyword Planner export content/PGAK-keyword-master.csv (India),0.00,0.00,,/biometric-attendance,attendance product page; local pack via GBP services,volume: Planner (real); local share: unknown,P2
attendance-national,time dynamo attendance machine,commercial,50,Google Keyword Planner export content/PGAK-keyword-master.csv (India),0.00,0.00,,/biometric-attendance,attendance product page; local pack via GBP services,volume: Planner (real); local share: unknown,P2
attendance-national,time office fingerprint and cloud based attendance machine,commercial,50,Google Keyword Planner export content/PGAK-keyword-master.csv (India),0.00,0.00,,/biometric-attendance,attendance product page; local pack via GBP services,volume: Planner (real); local share: unknown,P2
attendance-national,top 10 biometric attendance system,commercial,50,Google Keyword Planner export content/PGAK-keyword-master.csv (India),0.00,0.00,,/biometric-attendance,attendance product page; local pack via GBP services,volume: Planner (real); local share: unknown,P2
attendance-national,top 5 attendance machine,commercial,50,Google Keyword Planner export content/PGAK-keyword-master.csv (India),0.00,0.00,,/biometric-attendance,attendance product page; local pack via GBP services,volume: Planner (real); local share: unknown,P2
attendance-national,top biometric attendance system,commercial,50,Google Keyword Planner export content/PGAK-keyword-master.csv (India),0.00,0.00,,/biometric-attendance,attendance product page; local pack via GBP services,volume: Planner (real); local share: unknown,P2
attendance-national,touchless attendance machine,commercial,50,Google Keyword Planner export content/PGAK-keyword-master.csv (India),0.00,0.00,,/biometric-attendance,attendance product page; local pack via GBP services,volume: Planner (real); local share: unknown,P2
installation-national,urbanclap cctv installation,commercial,50,Google Keyword Planner export content/PGAK-keyword-master.csv (India),0.00,0.00,,/cctv-installation-company,installation page; add Ludhiana block + GBP; 'near me' is Maps-pack driven,volume: Planner (real); local share: unknown,P1
attendance-national,virdi attendance machine,commercial,50,Google Keyword Planner export content/PGAK-keyword-master.csv (India),0.00,0.00,,/biometric-attendance,attendance product page; local pack via GBP services,volume: Planner (real); local share: unknown,P2
attendance-national,wifi based biometric attendance machine,commercial,50,Google Keyword Planner export content/PGAK-keyword-master.csv (India),0.00,0.00,,/biometric-attendance,attendance product page; local pack via GBP services,volume: Planner (real); local share: unknown,P2
attendance-national,wireless biometric attendance machine,commercial,50,Google Keyword Planner export content/PGAK-keyword-master.csv (India),0.00,0.00,,/biometric-attendance,attendance product page; local pack via GBP services,volume: Planner (real); local share: unknown,P2
attendance-national,zicom attendance machine,commercial,50,Google Keyword Planner export content/PGAK-keyword-master.csv (India),0.00,0.00,,/biometric-attendance,attendance product page; local pack via GBP services,volume: Planner (real); local share: unknown,P2
attendance-national,zicom biometric attendance system,commercial,50,Google Keyword Planner export content/PGAK-keyword-master.csv (India),0.00,0.00,,/biometric-attendance,attendance product page; local pack via GBP services,volume: Planner (real); local share: unknown,P2
attendance-national,zkteco time attendance machine,commercial,50,Google Keyword Planner export content/PGAK-keyword-master.csv (India),0.00,0.00,,/biometric-attendance,attendance product page; local pack via GBP services,volume: Planner (real); local share: unknown,P2
attendance-national,zkteco time attendance machine price,commercial,50,Google Keyword Planner export content/PGAK-keyword-master.csv (India),0.00,0.00,,/biometric-attendance,attendance product page; local pack via GBP services,volume: Planner (real); local share: unknown,P2
near-me-local,home video surveillance system installers near me,local/transactional,0,Google Keyword Planner export content/PGAK-keyword-master.csv (India),0.00,0.00,,/residential-security,residential installers; secondary market,volume: Planner (real); local share: unknown,P3
attendance-national,attendance machine management,commercial,0,Google Keyword Planner export content/PGAK-keyword-master.csv (India),0.00,0.00,,/biometric-attendance,attendance product page; local pack via GBP services,volume: Planner (real); local share: unknown,P2
attendance-national,biometric attendance system mcgm,commercial,0,Google Keyword Planner export content/PGAK-keyword-master.csv (India),0.00,0.00,,/biometric-attendance,attendance product page; local pack via GBP services,volume: Planner (real); local share: unknown,P2
attendance-national,biometric attendance system v8 1.0 2,commercial,0,Google Keyword Planner export content/PGAK-keyword-master.csv (India),0.00,0.00,,/biometric-attendance,attendance product page; local pack via GBP services,volume: Planner (real); local share: unknown,P2
attendance-national,bmc biometric attendance system,commercial,0,Google Keyword Planner export content/PGAK-keyword-master.csv (India),0.00,0.00,,/biometric-attendance,attendance product page; local pack via GBP services,volume: Planner (real); local share: unknown,P2
attendance-national,essl biometric attendance machine am security system,commercial,0,Google Keyword Planner export content/PGAK-keyword-master.csv (India),0.00,0.00,,/biometric-attendance,attendance product page; local pack via GBP services,volume: Planner (real); local share: unknown,P2
near-me-local,security camera warehouse near me,local/transactional,0,Google Keyword Planner export content/PGAK-keyword-master.csv (India),0.00,0.00,,/cctv-installation-company,installation page; add Ludhiana block + GBP; 'near me' is Maps-pack driven,volume: Planner (real); local share: unknown,P1
