path	status	final	title	description	h1	h1count	canonical	robotsMeta	robotsHeader	jsonld	bytes	outlinks	inlinks
/	200	/	AI CCTV Video Analytics & Smart Security Assessment in India | PGAK	PGAK helps factories, warehouses, offices and institutions assess existing CCTV, plan new installations and evaluate practical AI video analytics for real business sites.	AI video analytics software for your existing CCTV	1		index, follow		City,ContactPoint,Country,GeoCoordinates,ImageObject,Person,PostalAddress,State,WebPage,WebSite	93659	38	195
/about	200	/about	About PGAK — Intelligent CCTV Built for India	PGAK turns the cameras India already owns into intelligent guardians — threats caught in seconds, fewer false alarms, video processed on site.	Security that thinks — not just records.	1	/about	index, follow		BreadcrumbList,City,ContactPoint,Country,GeoCoordinates,ImageObject,ListItem,Person,PostalAddress,State,WebPage,WebSite	84143	32	193
/ai-cctv-amritsar	200	/ai-cctv-amritsar	AI CCTV in Amritsar — Markets, Hotels, Food Units	AI alerts on the cameras your Amritsar shop, hotel or food unit already owns. Quiet after-hours katra alerts, discreet hotel cover. Free audit.	AI CCTV and intruder detection in Amritsar	1	/ai-cctv-amritsar	index, follow		Answer,BreadcrumbList,City,ContactPoint,Country,FAQPage,GeoCoordinates,ImageObject,ListItem,Person,Place,PostalAddress,Question,Service,State,WebPage,WebSite	112445	44	4
/ai-cctv-batala	200	/ai-cctv-batala	AI CCTV in Batala — Foundries and Machine Tools	AI alerts on cameras your Batala foundry or workshop already owns. Attendance that survives sand and oil, plate logging at the gate. Free audit.	AI CCTV and intruder detection in Batala	1	/ai-cctv-batala	index, follow		Answer,BreadcrumbList,City,ContactPoint,Country,FAQPage,GeoCoordinates,ImageObject,ListItem,Person,Place,PostalAddress,Question,Service,State,WebPage,WebSite	109068	45	4
/ai-cctv-bathinda	200	/ai-cctv-bathinda	AI CCTV in Bathinda — Cotton, Grain and Fuel Belt	AI alerts on cameras your Bathinda yard or godown already owns. Boundary lines that ignore lint and cattle, gate plate logging. Free camera audit.	AI CCTV and intruder detection in Bathinda	1	/ai-cctv-bathinda	index, follow		Answer,BreadcrumbList,City,ContactPoint,Country,FAQPage,GeoCoordinates,ImageObject,ListItem,Person,Place,PostalAddress,Question,Service,State,WebPage,WebSite	109667	44	3
/ai-cctv-bengaluru	200	/ai-cctv-bengaluru	AI CCTV in Bengaluru — Campuses, Peenya, Gated	AI alerts on cameras your Bengaluru campus, unit or community already owns. One record across every entrance, agency hours checked. Free audit.	AI CCTV and intruder detection in Bengaluru	1	/ai-cctv-bengaluru	index, follow		Answer,BreadcrumbList,City,ContactPoint,Country,FAQPage,GeoCoordinates,ImageObject,ListItem,Person,Place,PostalAddress,Question,Service,State,WebPage,WebSite	107794	43	3
/ai-cctv-chandigarh-mohali	200	/ai-cctv-chandigarh-mohali	AI CCTV in Chandigarh & Mohali — Offices to Zirakpur	Card-free attendance for tricity offices, showroom cover after closing, number-plate logging on the Zirakpur corridor. Free camera audit.	AI CCTV and intruder detection in Chandigarh & Mohali	1	/ai-cctv-chandigarh-mohali	index, follow		Answer,BreadcrumbList,City,ContactPoint,Country,FAQPage,GeoCoordinates,ImageObject,ListItem,Person,Place,PostalAddress,Question,Service,State,WebPage,WebSite	112167	44	3
/ai-cctv-coimbatore	200	/ai-cctv-coimbatore	AI CCTV in Coimbatore — Mills, Pumps, Foundries	AI alerts on cameras your Coimbatore mill or engineering unit already owns. Shift-gate attendance that survives cotton fluff. Free camera audit.	AI CCTV and intruder detection in Coimbatore	1	/ai-cctv-coimbatore	index, follow		Answer,BreadcrumbList,City,ContactPoint,Country,FAQPage,GeoCoordinates,ImageObject,ListItem,Person,Place,PostalAddress,Question,Service,State,WebPage,WebSite	108295	44	3
/ai-cctv-delhi-ncr	200	/ai-cctv-delhi-ncr	AI CCTV in Delhi NCR — Retail, Offices, Logistics	AI alerts on the cameras your NCR store, office or warehouse already owns. One record across every branch, agency hours you can check. Free audit.	AI CCTV and intruder detection in Delhi NCR	1	/ai-cctv-delhi-ncr	index, follow		Answer,BreadcrumbList,City,ContactPoint,Country,FAQPage,GeoCoordinates,ImageObject,ListItem,Person,Place,PostalAddress,Question,Service,State,WebPage,WebSite	108253	44	5
/ai-cctv-for-offices	200	/ai-cctv-for-offices	AI CCTV for Offices — Tailgating & After-Hours Alerts | PGAK	Face-based attendance, tailgating detection and after-hours intrusion alerts, added to the office CCTV you already have. Free readiness audit.	AI CCTV for offices — quiet during the day, wide awake at night	1	/ai-cctv-for-offices	index, follow		Answer,BreadcrumbList,City,ContactPoint,Country,FAQPage,GeoCoordinates,ImageObject,ListItem,Person,PostalAddress,Question,Service,State,WebPage,WebSite	120729	42	16
/ai-cctv-for-warehouses	200	/ai-cctv-for-warehouses	AI CCTV evaluation for warehouses | PGAK	Assess loading bays, stock areas and after-hours approaches against the way your warehouse actually operates. Delivery activity and legitimate work should be part of the test.	AI CCTV evaluation for warehouses	1	/ai-cctv-for-warehouses	index, follow		BreadcrumbList,City,ContactPoint,Country,GeoCoordinates,ImageObject,ListItem,Person,PostalAddress,State,WebPage,WebSite	87443	35	29
/ai-cctv-gurugram	200	/ai-cctv-gurugram	AI CCTV in Gurugram — Offices, Societies, Manesar	AI alerts on cameras your Gurugram office, society or warehouse already owns. Badges cannot be shared when the record is a face. Free audit.	AI CCTV and intruder detection in Gurugram	1	/ai-cctv-gurugram	index, follow		Answer,BreadcrumbList,City,ContactPoint,Country,FAQPage,GeoCoordinates,ImageObject,ListItem,Person,Place,PostalAddress,Question,Service,State,WebPage,WebSite	107401	43	4
/ai-cctv-hoshiarpur	200	/ai-cctv-hoshiarpur	AI CCTV in Hoshiarpur — Plywood, Timber, NRI Homes	AI alerts on cameras your Hoshiarpur unit or locked house already owns. Timber-yard boundary lines and alerts that reach you abroad. Free audit.	AI CCTV and intruder detection in Hoshiarpur	1	/ai-cctv-hoshiarpur	index, follow		Answer,BreadcrumbList,City,ContactPoint,Country,FAQPage,GeoCoordinates,ImageObject,ListItem,Person,Place,PostalAddress,Question,Service,State,WebPage,WebSite	109745	43	4
/ai-cctv-jaipur	200	/ai-cctv-jaipur	AI CCTV in Jaipur — Jewellery, Hotels, Sitapura	AI alerts on cameras your Jaipur workshop, hotel or unit already owns. Strong-room zones, discreet back-of-house cover. Free camera audit.	AI CCTV and intruder detection in Jaipur	1	/ai-cctv-jaipur	index, follow		Answer,BreadcrumbList,City,ContactPoint,Country,FAQPage,GeoCoordinates,ImageObject,ListItem,Person,Place,PostalAddress,Question,Service,State,WebPage,WebSite	107129	44	2
/ai-cctv-jalandhar	200	/ai-cctv-jalandhar	AI CCTV in Jalandhar — Sports Goods, Tools, Leather	AI alerts on the cameras your Jalandhar unit already owns. Finished-goods stores, mixed job-work gates, locked Doaba houses. Free camera audit.	AI CCTV and intruder detection in Jalandhar	1	/ai-cctv-jalandhar	index, follow		Answer,BreadcrumbList,City,ContactPoint,Country,FAQPage,GeoCoordinates,ImageObject,ListItem,Person,Place,PostalAddress,Question,Service,State,WebPage,WebSite	113909	44	7
/ai-cctv-khanna	200	/ai-cctv-khanna	AI CCTV in Khanna — Grain Mandi and Shellers	AI alerts on cameras your Khanna sheller or godown already owns. Seasonal crew attendance, weighbridge-matching gate logs. Free camera audit.	AI CCTV and intruder detection in Khanna	1	/ai-cctv-khanna	index, follow		Answer,BreadcrumbList,City,ContactPoint,Country,FAQPage,GeoCoordinates,ImageObject,ListItem,Person,Place,PostalAddress,Question,Service,State,WebPage,WebSite	107282	44	6
/ai-cctv-ludhiana	200	/ai-cctv-ludhiana	AI CCTV in Ludhiana — CCTV Installation by Our Own Team, Gill Road	AI alerts on the cameras your Ludhiana unit already owns, and CCTV installation by our own Gill Road team — free audit first. Gate attendance, godown cover.	AI CCTV and CCTV installation in Ludhiana — by our own team	1	/ai-cctv-ludhiana	index, follow		Answer,BreadcrumbList,City,ContactPoint,Country,FAQPage,GeoCoordinates,ImageObject,ListItem,Person,Place,PostalAddress,Question,Service,State,WebPage,WebSite	127714	49	193
/ai-cctv-mandi-gobindgarh	200	/ai-cctv-mandi-gobindgarh	AI CCTV in Mandi Gobindgarh — Furnaces & Scrap	AI alerts on cameras your Mandi Gobindgarh furnace or scrap yard already owns. Night-shift gate attendance and number-plate logging. Free audit.	AI CCTV and intruder detection in Mandi Gobindgarh	1	/ai-cctv-mandi-gobindgarh	index, follow		Answer,BreadcrumbList,City,ContactPoint,Country,FAQPage,GeoCoordinates,ImageObject,ListItem,Person,Place,PostalAddress,Question,Service,State,WebPage,WebSite	108345	44	3
/ai-cctv-moga	200	/ai-cctv-moga	AI CCTV in Moga — Dairy, Food and Cold Chain	AI alerts on cameras your Moga food or cold-chain unit already owns. Hygiene-safe attendance with nothing to touch, bay alerts. Free camera audit.	AI CCTV and intruder detection in Moga	1	/ai-cctv-moga	index, follow		Answer,BreadcrumbList,City,ContactPoint,Country,FAQPage,GeoCoordinates,ImageObject,ListItem,Person,Place,PostalAddress,Question,Service,State,WebPage,WebSite	108481	44	4
/ai-cctv-mumbai	200	/ai-cctv-mumbai	AI CCTV in Mumbai — Retail, Bhiwandi, Societies	AI alerts on cameras your Mumbai store, Bhiwandi warehouse or society already owns. No queue at the door, quiet market alerts. Free camera audit.	AI CCTV and intruder detection in Mumbai	1	/ai-cctv-mumbai	index, follow		Answer,BreadcrumbList,City,ContactPoint,Country,FAQPage,GeoCoordinates,ImageObject,ListItem,Person,Place,PostalAddress,Question,Service,State,WebPage,WebSite	107571	43	3
/ai-cctv-noida	200	/ai-cctv-noida	AI CCTV in Noida — Sectors, Expressway, Societies	AI alerts on cameras your Noida factory, office or society already owns. Contract-crew hours you can verify, searchable visitor logs. Free audit.	AI CCTV and intruder detection in Noida	1	/ai-cctv-noida	index, follow		Answer,BreadcrumbList,City,ContactPoint,Country,FAQPage,GeoCoordinates,ImageObject,ListItem,Person,Place,PostalAddress,Question,Service,State,WebPage,WebSite	107176	43	3
/ai-cctv-patiala	200	/ai-cctv-patiala	AI CCTV in Patiala — Campuses, Machinery, Kothis	AI alerts on cameras your Patiala campus, works or kothi already owns. Contractor-staff hours, greasy-handed gates, long boundary walls. Free audit.	AI CCTV and intruder detection in Patiala	1	/ai-cctv-patiala	index, follow		Answer,BreadcrumbList,City,ContactPoint,Country,FAQPage,GeoCoordinates,ImageObject,ListItem,Person,Place,PostalAddress,Question,Service,State,WebPage,WebSite	111868	43	5
/ai-intruder-detection	200	/ai-intruder-detection	AI intrusion detection for existing CCTV | PGAK	Intrusion alerts from the cameras you already own: a snapshot, camera name and timestamp on your phone when someone crosses a boundary you set. Pilot-tested on your own cameras before anything is quoted.	AI intrusion detection for existing CCTV	1	/ai-intruder-detection	index, follow		BreadcrumbList,City,ContactPoint,Country,GeoCoordinates,ImageObject,ListItem,Person,PostalAddress,State,WebPage,WebSite	81466	35	25
/anpr-number-plate-recognition	200	/anpr-number-plate-recognition	ANPR System for Factory & Warehouse Gates | PGAK	Log every vehicle at the gate — plate, type, direction, time and snapshot — searchable later. Sized per lane, with honest limits on where ANPR works.	An ANPR system that turns the gate register into something you can search	1	/anpr-number-plate-recognition	index, follow		Answer,BreadcrumbList,City,ContactPoint,Country,FAQPage,GeoCoordinates,ImageObject,ListItem,Person,PostalAddress,Question,Service,State,WebPage,WebSite	160386	45	193
/areas-we-serve	200	/areas-we-serve	Areas We Serve — AI CCTV Across India | PGAK	Where PGAK deploys AI CCTV: Ludhiana, Delhi NCR, Gurugram, Noida, Mumbai, Bengaluru and Jaipur — plus most of India through our verified dealer network.	Where PGAK deploys AI CCTV	1	/areas-we-serve	index, follow		BreadcrumbList,City,ContactPoint,Country,GeoCoordinates,ImageObject,ListItem,Person,PostalAddress,State,WebPage,WebSite	89717	48	193
/attendance-system-for-construction-sites	200	/attendance-system-for-construction-sites	Construction Site Attendance for Daily-Wage Labour | PGAK	Where the workforce changes daily: face recognition on a site camera logs labour at the gate, with no reader to install on a site that moves.	Construction attendance for a workforce that changes every week	1	/attendance-system-for-construction-sites	index, follow		Answer,BreadcrumbList,City,ContactPoint,Country,FAQPage,GeoCoordinates,ImageObject,ListItem,Person,PostalAddress,Question,Service,State,WebPage,WebSite	127476	45	4
/attendance-system-for-factories	200	/attendance-system-for-factories	Factory Attendance System — No Queue at the Gate | PGAK	Face recognition on your existing gate cameras logs 200 workers walking in — no reader queue, no failed scans on worn hands.	An attendance system built for a factory gate at shift change	1	/attendance-system-for-factories	index, follow		Answer,BreadcrumbList,City,ContactPoint,Country,FAQPage,GeoCoordinates,ImageObject,ListItem,Person,PostalAddress,Question,Service,State,WebPage,WebSite	128506	45	19
/attendance-system-for-offices	200	/attendance-system-for-offices	Office Attendance System — No Machine at Reception | PGAK	Remove the reception queue and the punching machine: face recognition on your existing entrance camera logs staff in, and feeds payroll.	An office attendance system with nothing to touch at reception	1	/attendance-system-for-offices	index, follow		Answer,BreadcrumbList,City,ContactPoint,Country,FAQPage,GeoCoordinates,ImageObject,ListItem,Person,PostalAddress,Question,Service,State,WebPage,WebSite	125879	43	7
/attendance-system-for-schools	200	/attendance-system-for-schools	School & College Attendance System — Staff and Campus | PGAK	PGAK recognises staff on existing campus cameras and logs entry automatically, while the same cameras keep watching gates and boundaries.	School attendance that does not cost you the first ten minutes of the day	1	/attendance-system-for-schools	index, follow		Answer,BreadcrumbList,City,ContactPoint,Country,FAQPage,GeoCoordinates,ImageObject,ListItem,Person,PostalAddress,Question,Service,State,WebPage,WebSite	125965	42	3
/attendance-system-for-warehouses	200	/attendance-system-for-warehouses	Warehouse Attendance System — Every Bay Covered | PGAK	PGAK recognises staff on the cameras already covering your gates and bays, so pickers, loaders and contract crews are logged wherever they enter.	Warehouse attendance that covers the loading bay, not just the office door	1	/attendance-system-for-warehouses	index, follow		Answer,BreadcrumbList,City,ContactPoint,Country,FAQPage,GeoCoordinates,ImageObject,ListItem,Person,PostalAddress,Question,Service,State,WebPage,WebSite	126264	43	3
/biometric-attendance	200	/biometric-attendance	Biometric Attendance Without the Machine | PGAK	Queues at shift change, worn fingers that won't read, a register that still gets fudged. Mark attendance from the CCTV already on your wall.	Biometric attendance, without anyone stopping to touch a machine	1	/biometric-attendance	index, follow		Answer,BreadcrumbList,City,ContactPoint,Country,FAQPage,GeoCoordinates,ImageObject,ListItem,Person,PostalAddress,Question,Service,State,WebPage,WebSite	134202	46	31
/book-demo	200	/book-demo	See the workflow you need to evaluate | PGAK	Request a tailored PGAK demonstration for a defined site and use case. Confirm supported functions, technical requirements and limitations before a pilot.	See the workflow you need to evaluate	1	/book-demo	index, follow		BreadcrumbList,City,ContactPoint,Country,GeoCoordinates,ImageObject,ListItem,Person,PostalAddress,State,WebPage,WebSite	62433	31	195
/brochure	200	/brochure	PGAK Brochure — AI CCTV on Your Existing Cameras (Printable)	A one-page PGAK brochure covering what AI CCTV does, which sites it suits, what it costs and how to get started. Print it or save it as a PDF.	PGAK — intelligent security on the cameras you already own	1	/brochure	index, follow		City,ContactPoint,Country,GeoCoordinates,ImageObject,Person,PostalAddress,State,WebSite	77883	31	193
/calculators	200	/calculators	CCTV Business-Case Calculators — Storage, Bandwidth, ROI | PGAK	Free calculators for CCTV buyers: ROI and payback, retrofit versus replacement cost, storage and retention, bandwidth and cloud transfer. Runs in your browser.	Work out the numbers before anyone quotes you	1	/calculators	index, follow		BreadcrumbList,City,ContactPoint,Country,GeoCoordinates,ImageObject,ListItem,Person,PostalAddress,State,WebPage,WebSite	107786	69	193
/calculators/anpr-gate-time	200	/calculators/anpr-gate-time	ANPR Gate Time Calculator — Vehicles per Day | PGAK	How much gate time number-plate recognition could save: vehicles × time difference × days, with theoretical capacity separated from real queue throughput.	ANPR gate processing	1	/calculators/anpr-gate-time	index, follow		BreadcrumbList,City,ContactPoint,Country,GeoCoordinates,ImageObject,ListItem,Person,PostalAddress,State,WebPage,WebSite	73116	31	2
/calculators/attendance-admin-time	200	/calculators/attendance-admin-time	Attendance Administration Time Calculator | PGAK	What attendance reconciliation actually costs: hours before versus after, with any verified payment correction kept as its own line.	Attendance administration time	1	/calculators/attendance-admin-time	index, follow		BreadcrumbList,City,ContactPoint,Country,GeoCoordinates,ImageObject,ListItem,Person,PostalAddress,State,WebPage,WebSite	72143	31	2
/calculators/bandwidth-and-cloud-cost	200	/calculators/bandwidth-and-cloud-cost	CCTV Bandwidth & Cloud Transfer Calculator | PGAK	Size the internet link for CCTV streams and estimate cloud transfer: streams × bitrate, with headroom shown separately and data computed from real traffic.	Bandwidth and cloud/edge transfer cost	1	/calculators/bandwidth-and-cloud-cost	index, follow		BreadcrumbList,City,ContactPoint,Country,GeoCoordinates,ImageObject,ListItem,Person,PostalAddress,State,WebPage,WebSite	74495	32	2
/calculators/cctv-storage	200	/calculators/cctv-storage	CCTV Storage Calculator — Days of Footage to TB | PGAK	Work out the disk a CCTV system needs: cameras × bitrate × hours × days, in decimal TB, with the free-space reserve and RAID overhead kept separate.	CCTV storage and retention	1	/calculators/cctv-storage	index, follow		BreadcrumbList,City,ContactPoint,Country,GeoCoordinates,ImageObject,ListItem,Person,PostalAddress,State,WebPage,WebSite	74175	33	2
/calculators/electricity-cost	200	/calculators/electricity-cost	CCTV Electricity Cost Calculator — Watts to Rupees | PGAK	What CCTV and an AI processing unit add to the power bill: watts × hours ÷ 1000 × tariff, with incremental project power separated from the whole system.	Electricity running cost	1	/calculators/electricity-cost	index, follow		BreadcrumbList,City,ContactPoint,Country,GeoCoordinates,ImageObject,ListItem,Person,PostalAddress,State,WebPage,WebSite	72527	31	2
/calculators/false-alarm-cost	200	/calculators/false-alarm-cost	False Alarm Cost Calculator for CCTV Alerts | PGAK	What nuisance CCTV alerts cost each month in handling time, and how to judge a reduction without cutting detection coverage.	False-alarm handling cost	1	/calculators/false-alarm-cost	index, follow		BreadcrumbList,City,ContactPoint,Country,GeoCoordinates,ImageObject,ListItem,Person,PostalAddress,State,WebPage,WebSite	71566	32	7
/calculators/investigation-time	200	/calculators/investigation-time	CCTV Investigation Time Calculator — Hours vs Cash | PGAK	How many hours searching footage costs each month, and what those hours are worth as capacity rather than as an automatic cash saving.	Investigation time released	1	/calculators/investigation-time	index, follow		BreadcrumbList,City,ContactPoint,Country,GeoCoordinates,ImageObject,ListItem,Person,PostalAddress,State,WebPage,WebSite	72057	32	4
/calculators/multi-site-travel	200	/calculators/multi-site-travel	Multi-Site CCTV Travel Cost Calculator | PGAK	Which site visits remote checks could replace: avoidable visits × real travel expense, with travel hours reported separately as capacity.	Multi-site travel avoided	1	/calculators/multi-site-travel	index, follow		BreadcrumbList,City,ContactPoint,Country,GeoCoordinates,ImageObject,ListItem,Person,PostalAddress,State,WebPage,WebSite	71680	32	2
/calculators/retail-contribution	200	/calculators/retail-contribution	Retail Conversion Contribution Calculator (Scenario) | PGAK	Model what a small conversion change would be worth: visitors × percentage points × order value × margin, minus extra costs. A scenario, not proof.	Retail conversion contribution (scenario)	1	/calculators/retail-contribution	index, follow		BreadcrumbList,City,ContactPoint,Country,GeoCoordinates,ImageObject,ListItem,Person,PostalAddress,State,WebPage,WebSite	72489	32	3
/calculators/retrofit-vs-replacement	200	/calculators/retrofit-vs-replacement	Retrofit vs Replace CCTV — Total Cost Calculator | PGAK	Compare adding AI to existing cameras against replacing the system: upfront, operating, mid-life replacements and residual value over the same horizon.	Retrofit vs replacement: like-for-like total cost	1	/calculators/retrofit-vs-replacement	index, follow		BreadcrumbList,City,ContactPoint,Country,GeoCoordinates,ImageObject,ListItem,Person,PostalAddress,State,WebPage,WebSite	77053	32	2
/calculators/shrinkage-reduction	200	/calculators/shrinkage-reduction	CCTV Shrinkage Reduction Calculator (Scenario) | PGAK	Model a realistic recovery on documented stock loss: eligible loss × the improvement you assume or measured in a pilot. No default recovery rate.	Inventory shrinkage reduction	1	/calculators/shrinkage-reduction	index, follow		BreadcrumbList,City,ContactPoint,Country,GeoCoordinates,ImageObject,ListItem,Person,PostalAddress,State,WebPage,WebSite	72083	32	1
/cctv-installation-company	200	/cctv-installation-company	CCTV Installation Company — Itemised Quotes | PGAK	New factory, warehouse or office? A designed CCTV system with AI alerts, every line itemised. Availability and timelines are confirmed per project.	A CCTV installation company that leaves you with alerts, not just footage	1	/cctv-installation-company	index, follow		Answer,BreadcrumbList,City,ContactPoint,Country,FAQPage,GeoCoordinates,ImageObject,ListItem,Person,PostalAddress,Question,Service,State,WebPage,WebSite	134644	45	27
/commercial-cctv	200	/commercial-cctv	Commercial CCTV Systems for Business Premises | PGAK	Commercial CCTV that raises alerts instead of only recording — for offices, shops, clinics and mixed-use premises. Upgrade existing cameras or plan new.	Commercial CCTV that tells someone, instead of just recording it	1	/commercial-cctv	index, follow		Answer,BreadcrumbList,City,ContactPoint,Country,FAQPage,GeoCoordinates,ImageObject,ListItem,Person,PostalAddress,Question,Service,State,WebPage,WebSite	134686	47	9
/contact	200	/contact	Contact PGAK — Talk to Us or Find an AI CCTV Dealer Near You	Call, WhatsApp or email PGAK, or request a verified AI CCTV dealer near you. We'll help make the security cameras you already own intelligent.	Let’s make your cameras intelligent.	1	/contact	index, follow		BreadcrumbList,City,ContactPoint,Country,GeoCoordinates,ImageObject,ListItem,Person,PostalAddress,State,WebPage,WebSite	86607	31	193
/face-recognition-attendance-system	200	/face-recognition-attendance-system	Face recognition attendance system on existing CCTV — how it works, what it needs | PGAK	A face recognition attendance system that runs on the entrance cameras you already own: enrolled faces recognised at walking pace, every record backed by its own frame, and exceptions a person reviews and corrects. What the camera view must provide, where it fails, and why a pilot on your own gate comes before anything is quoted.	Face recognition attendance system on existing CCTV — how it works, what it needs	1	/face-recognition-attendance-system	index, follow		BreadcrumbList,City,ContactPoint,Country,GeoCoordinates,ImageObject,ListItem,Person,PostalAddress,State,WebPage,WebSite	83303	35	193
/factory-security	200	/factory-security	AI CCTV evaluation for factory operations | PGAK	Start with a factory workflow: gates, restricted production areas, shift change or after-hours access. Define the event and operating response before selecting analytics.	AI CCTV evaluation for factory operations	1	/factory-security	index, follow		BreadcrumbList,City,ContactPoint,Country,GeoCoordinates,ImageObject,ListItem,Person,PostalAddress,State,WebPage,WebSite	80295	35	24
/features	200	/features	24 AI CCTV Features for Indian Businesses | PGAK	Explore 24 AI camera capabilities: smart search, intrusion alerts, ANPR, PPE, occupancy and more. See Indian use cases and camera compatibility requirements.	AI CCTV features.Made clear.	1	/features	index, follow		BreadcrumbList,City,ContactPoint,Country,GeoCoordinates,ImageObject,ListItem,Person,PostalAddress,State,WebPage,WebSite	122505	61	193
/features/attendance-automation	200	/features/attendance-automation	Face Recognition Attendance — No Card, No Contact | PGAK	Face-recognition attendance from the camera at your gate, for factories, offices and schools — evaluated at your site, with exports and review of missed records confirmed in the written scope.	Face recognition attendance — logging the gate without a queue	1	/features/attendance-automation	index, follow		Answer,BreadcrumbList,City,ContactPoint,Country,FAQPage,GeoCoordinates,ImageObject,ListItem,Person,PostalAddress,Question,Service,State,WebPage,WebSite	114222	43	11
/features/face-recognition	200	/features/face-recognition	CCTV Face Recognition — Know Who's There | PGAK	Separate the people you know from the people you don't — enrolled-person matching that is evaluated on your own cameras before anything relies on it.	CCTV face recognition — the difference between 'someone is there' and 'who is there'	1	/features/face-recognition	index, follow		Answer,BreadcrumbList,City,ContactPoint,Country,FAQPage,GeoCoordinates,ImageObject,ListItem,Person,PostalAddress,Question,Service,State,WebPage,WebSite	108553	39	11
/features/false-alarm-filtering	200	/features/false-alarm-filtering	CCTV False Alarm Reduction — Cut the Noise | PGAK	Object classification can filter animals, weather, shadows and headlights before an alert is sent — how much it cuts false alerts is tested on your own footage.	False-alarm filtering — the feature that makes every other feature usable	1	/features/false-alarm-filtering	index, follow		Answer,BreadcrumbList,City,ContactPoint,Country,FAQPage,GeoCoordinates,ImageObject,ListItem,Person,PostalAddress,Question,Service,State,WebPage,WebSite	102426	39	11
/features/guides/abandoned-object	200	/features/guides/abandoned-object	Abandoned object detection CCTV: Uses & Setup | PGAK	Two opposite problems share one technique: something left behind that should not be there, and something removed that should be.	Abandoned object detection CCTV	1	/features/guides/abandoned-object	index, follow		Answer,BreadcrumbList,City,ContactPoint,Country,FAQPage,GeoCoordinates,ImageObject,ListItem,Person,PostalAddress,Question,State,WebPage,WebSite	81692	34	2
/features/guides/cross-camera-search	200	/features/guides/cross-camera-search	Cross camera person and vehicle search: Uses & Setup | PGAK	An incident rarely stays in one camera view. Cross-camera search helps you find appearances of a selected person or vehicle across a connected site.	Cross camera person and vehicle search	1	/features/guides/cross-camera-search	index, follow		Answer,BreadcrumbList,City,ContactPoint,Country,FAQPage,GeoCoordinates,ImageObject,ListItem,Person,PostalAddress,Question,State,WebPage,WebSite	85317	35	5
/features/guides/custom-text-alerts	200	/features/guides/custom-text-alerts	AI CCTV custom alerts: Uses & Setup | PGAK	Some situations are easier to describe than to select from a menu. Supported AI CCTV platforms let you write an alert condition, such as a forklift entering…	AI CCTV custom alerts	1	/features/guides/custom-text-alerts	index, follow		Answer,BreadcrumbList,City,ContactPoint,Country,FAQPage,GeoCoordinates,ImageObject,ListItem,Person,PostalAddress,Question,State,WebPage,WebSite	84119	35	11
/features/guides/edge-ai	200	/features/guides/edge-ai	Edge AI CCTV camera: Uses & Setup | PGAK	An edge AI CCTV camera analyses supported events on its own processor. That can reduce the need to send continuous video elsewhere just to identify an event.	Edge AI CCTV camera	1	/features/guides/edge-ai	index, follow		Answer,BreadcrumbList,City,ContactPoint,Country,FAQPage,GeoCoordinates,ImageObject,ListItem,Person,PostalAddress,Question,State,WebPage,WebSite	81017	35	6
/features/guides/event-summaries	200	/features/guides/event-summaries	AI video event summaries: Uses & Setup | PGAK	Opening every overnight clip takes time. AI video event summaries turn supported detections into short written descriptions, helping an operator choose what…	AI video event summaries	1	/features/guides/event-summaries	index, follow		Answer,BreadcrumbList,City,ContactPoint,Country,FAQPage,GeoCoordinates,ImageObject,ListItem,Person,PostalAddress,Question,State,WebPage,WebSite	84043	35	5
/features/guides/loitering	200	/features/guides/loitering	CCTV loitering detection: Uses & Setup | PGAK	A person briefly passing a shuttered shop is different from someone remaining near the entrance for several minutes. CCTV loitering detection measures time…	CCTV loitering detection	1	/features/guides/loitering	index, follow		Answer,BreadcrumbList,City,ContactPoint,Country,FAQPage,GeoCoordinates,ImageObject,ListItem,Person,PostalAddress,Question,State,WebPage,WebSite	69680	35	4
/features/guides/low-light-ai	200	/features/guides/low-light-ai	AI CCTV camera night vision: Uses & Setup | PGAK	Night footage can look bright yet contain too little usable detail. AI image processing can reduce noise and improve a difficult scene, but it works with the…	AI CCTV camera night vision	1	/features/guides/low-light-ai	index, follow		Answer,BreadcrumbList,City,ContactPoint,Country,FAQPage,GeoCoordinates,ImageObject,ListItem,Person,PostalAddress,Question,State,WebPage,WebSite	84483	35	6
/features/guides/natural-language-search	200	/features/guides/natural-language-search	Natural language video search: Uses & Setup | PGAK	You know what you are looking for, but not when it happened. Natural language video search lets you describe a person, vehicle or object and review matching…	Natural language video search	1	/features/guides/natural-language-search	index, follow		Answer,BreadcrumbList,City,ContactPoint,Country,FAQPage,GeoCoordinates,ImageObject,ListItem,Person,PostalAddress,Question,State,WebPage,WebSite	85225	35	5
/features/guides/number-plates	200	/features/guides/number-plates	ANPR camera for Indian number plates: Uses & Setup | PGAK	An ANPR camera reads a visible number plate and creates a record your team can search. At a factory gate or housing society entrance, that can make vehicle…	ANPR camera for Indian number plates	1	/features/guides/number-plates	index, follow		Answer,BreadcrumbList,City,ContactPoint,Country,FAQPage,GeoCoordinates,ImageObject,ListItem,Person,PostalAddress,Question,State,WebPage,WebSite	70291	34	4
/features/guides/object-classification	200	/features/guides/object-classification	Human and vehicle detection CCTV: Uses & Setup | PGAK	A moving branch should not demand the same attention as a person at your gate. Human and vehicle detection classifies supported objects so you can decide…	Human and vehicle detection CCTV	1	/features/guides/object-classification	index, follow		Answer,BreadcrumbList,City,ContactPoint,Country,FAQPage,GeoCoordinates,ImageObject,ListItem,Person,PostalAddress,Question,State,WebPage,WebSite	85167	35	11
/features/guides/onsite-learning	200	/features/guides/onsite-learning	Custom object detection CCTV: Uses & Setup | PGAK	Your site may use equipment that a standard camera model does not recognise. On-site learning allows supported systems to learn a custom object from…	Custom object detection CCTV	1	/features/guides/onsite-learning	index, follow		Answer,BreadcrumbList,City,ContactPoint,Country,FAQPage,GeoCoordinates,ImageObject,ListItem,Person,PostalAddress,Question,State,WebPage,WebSite	84413	35	6
/features/guides/onvif-integration	200	/features/guides/onvif-integration	ONVIF compatible VMS: Uses & Setup | PGAK	Most established sites are not one brand. A few cameras were added in 2018, more after an incident, and the recorder came from whoever was cheapest that…	ONVIF compatible VMS	1	/features/guides/onvif-integration	index, follow		Answer,BreadcrumbList,City,ContactPoint,Country,FAQPage,GeoCoordinates,ImageObject,ListItem,Person,PostalAddress,Question,State,WebPage,WebSite	79169	35	2
/features/guides/people-counting	200	/features/guides/people-counting	People counting camera for retail stores | PGAK	Busy feels different to different people. A people counting camera gives you a more consistent view of entries, exits or occupancy, depending on the setup.	People counting camera for retail stores	1	/features/guides/people-counting	index, follow		Answer,BreadcrumbList,City,ContactPoint,Country,FAQPage,GeoCoordinates,ImageObject,ListItem,Person,PostalAddress,Question,State,WebPage,WebSite	84300	35	6
/features/guides/ppe-detection	200	/features/guides/ppe-detection	AI PPE detection camera: Uses & Setup | PGAK	A supervisor cannot watch every site entrance at once. AI PPE detection can flag supported conditions such as a missing hard hat or high-visibility vest,…	AI PPE detection camera	1	/features/guides/ppe-detection	index, follow		Answer,BreadcrumbList,City,ContactPoint,Country,FAQPage,GeoCoordinates,ImageObject,ListItem,Person,PostalAddress,Question,State,WebPage,WebSite	87928	34	9
/features/guides/privacy-masking	200	/features/guides/privacy-masking	AI face privacy masking CCTV: Uses & Setup | PGAK	You may need to understand activity without showing every person’s face to every viewer. AI privacy masking obscures detected faces in supported streams…	AI face privacy masking CCTV	1	/features/guides/privacy-masking	index, follow		Answer,BreadcrumbList,City,ContactPoint,Country,FAQPage,GeoCoordinates,ImageObject,ListItem,Person,PostalAddress,Question,State,WebPage,WebSite	84326	34	2
/features/guides/ptz-tracking	200	/features/guides/ptz-tracking	AI auto tracking PTZ camera: Uses & Setup | PGAK	A PTZ camera can physically pan, tilt and zoom. With supported AI auto tracking, it can follow a selected person or vehicle through its viewing area.	AI auto tracking PTZ camera	1	/features/guides/ptz-tracking	index, follow		Answer,BreadcrumbList,City,ContactPoint,Country,FAQPage,GeoCoordinates,ImageObject,ListItem,Person,PostalAddress,Question,State,WebPage,WebSite	83728	34	6
/features/guides/queue-analytics	200	/features/guides/queue-analytics	CCTV queue management analytics: Uses & Setup | PGAK	A queue can build before a supervisor notices it. CCTV queue analytics monitors a defined waiting area so a team can review congestion and decide when to…	CCTV queue management analytics	1	/features/guides/queue-analytics	index, follow		Answer,BreadcrumbList,City,ContactPoint,Country,FAQPage,GeoCoordinates,ImageObject,ListItem,Person,PostalAddress,Question,State,WebPage,WebSite	81179	35	6
/features/guides/scene-change	200	/features/guides/scene-change	AI CCTV scene change detection: Uses & Setup | PGAK	Sometimes the important event is something left behind. Scene-change detection compares a monitored area with a learnt reference and flags a difference.	AI CCTV scene change detection	1	/features/guides/scene-change	index, follow		Answer,BreadcrumbList,City,ContactPoint,Country,FAQPage,GeoCoordinates,ImageObject,ListItem,Person,PostalAddress,Question,State,WebPage,WebSite	84208	34	5
/features/guides/smoke-flame	200	/features/guides/smoke-flame	Video smoke and flame detection: Uses & Setup | PGAK	Specialist video fire detection looks for visible patterns associated with smoke or flames. In a suitable industrial setting, it can provide an additional…	Video smoke and flame detection	1	/features/guides/smoke-flame	index, follow		Answer,BreadcrumbList,City,ContactPoint,Country,FAQPage,GeoCoordinates,ImageObject,ListItem,Person,PostalAddress,Question,State,WebPage,WebSite	84370	34	2
/features/guides/sound-classification	200	/features/guides/sound-classification	AI audio detection CCTV: Uses & Setup | PGAK	A camera cannot see around a corner, but a supported microphone may capture a relevant sound. AI audio detection can classify selected sound types and attach…	AI audio detection CCTV	1	/features/guides/sound-classification	index, follow		Answer,BreadcrumbList,City,ContactPoint,Country,FAQPage,GeoCoordinates,ImageObject,ListItem,Person,PostalAddress,Question,State,WebPage,WebSite	84102	34	2
/features/guides/tailgating	200	/features/guides/tailgating	CCTV tailgating detection for access control | PGAK	When two people pass through an entrance close together, a camera can flag the movement for review. To determine whether the second entry was unauthorised,…	CCTV tailgating detection for access control	1	/features/guides/tailgating	index, follow		Answer,BreadcrumbList,City,ContactPoint,Country,FAQPage,GeoCoordinates,ImageObject,ListItem,Person,PostalAddress,Question,State,WebPage,WebSite	84211	34	2
/features/guides/two-way-audio	200	/features/guides/two-way-audio	Two way audio CCTV camera: Uses & Setup | PGAK	Watching someone where they should not be, with no way to say anything, is a frustrating kind of security. Two-way audio puts a speaker and microphone at the…	Two way audio CCTV camera	1	/features/guides/two-way-audio	index, follow		Answer,BreadcrumbList,City,ContactPoint,Country,FAQPage,GeoCoordinates,ImageObject,ListItem,Person,PostalAddress,Question,State,WebPage,WebSite	80591	34	3
/features/guides/virtual-perimeter	200	/features/guides/virtual-perimeter	AI CCTV intrusion detection: Uses & Setup | PGAK	You do not need an alert every time someone walks through a working factory. You need one when a person enters a restricted area or crosses a boundary at the…	AI CCTV intrusion detection	1	/features/guides/virtual-perimeter	index, follow		Answer,BreadcrumbList,City,ContactPoint,Country,FAQPage,GeoCoordinates,ImageObject,ListItem,Person,PostalAddress,Question,State,WebPage,WebSite	70296	35	10
/features/guides/weapon-detection	200	/features/guides/weapon-detection	AI weapon detection camera: Uses & Setup | PGAK	A weapon visible at an entrance is a situation where minutes matter, and where reviewing footage afterwards is no help at all.	AI weapon detection camera	1	/features/guides/weapon-detection	index, follow		Answer,BreadcrumbList,City,ContactPoint,Country,FAQPage,GeoCoordinates,ImageObject,ListItem,Person,PostalAddress,Question,State,WebPage,WebSite	82316	34	2
/features/intrusion-alerts	200	/features/intrusion-alerts	Real-Time CCTV Intrusion Alerts to Your Phone | PGAK	Zone and line-crossing alerts with a snapshot, camera name and timestamp — evaluated on your own cameras, with alert timing, sirens and escalation confirmed in the written scope.	Real-time intrusion alerts — because evidence at 9am is not security	1	/features/intrusion-alerts	index, follow		Answer,BreadcrumbList,City,ContactPoint,Country,FAQPage,GeoCoordinates,ImageObject,ListItem,Person,PostalAddress,Question,Service,State,WebPage,WebSite	106503	40	11
/features/loitering-detection	200	/features/loitering-detection	Loitering Detection CCTV — Spot It Before the Theft | PGAK	Dwell-time detection that flags a person lingering where they shouldn't in warehouses, shops and perimeters — thresholds and exemptions evaluated at your site.	Loitering detection — theft has a shape, and it starts with standing still	1	/features/loitering-detection	index, follow		Answer,BreadcrumbList,City,ContactPoint,Country,FAQPage,GeoCoordinates,ImageObject,ListItem,Person,PostalAddress,Question,Service,State,WebPage,WebSite	102704	40	14
/features/vehicle-and-anpr	200	/features/vehicle-and-anpr	ANPR & Vehicle Recognition — Every Gate Logged | PGAK	Number plate and vehicle detection that turn a paper gate register into a searchable log — for societies, warehouses, factories and office parks.	Vehicle and number plate recognition — the gate register that writes itself	1	/features/vehicle-and-anpr	index, follow		Answer,BreadcrumbList,City,ContactPoint,Country,FAQPage,GeoCoordinates,ImageObject,ListItem,Person,PostalAddress,Question,Service,State,WebPage,WebSite	94146	38	8
/free-audit	200	/free-audit	Check your cameras before choosing AI analytics | PGAK	Prepare a camera-readiness brief for your business. Get a useful checklist before sharing contact details. Technical compatibility is confirmed separately.	Check your cameras before choosing AI analytics	1	/free-audit	index, follow		BreadcrumbList,City,ContactPoint,Country,GeoCoordinates,ImageObject,ListItem,Person,PostalAddress,State,WebPage,WebSite	63547	32	195
/hospital-security	200	/hospital-security	Hospital Security System — AI CCTV for Wards & Wings | PGAK	Restricted-area alerts for pharmacies and stores, and visitor logging at entrances — security analytics evaluated on existing hospital CCTV, not patient monitoring.	Hospital security for a building that never closes	1	/hospital-security	index, follow		Answer,BreadcrumbList,City,ContactPoint,Country,FAQPage,GeoCoordinates,ImageObject,ListItem,Person,PostalAddress,Question,Service,State,WebPage,WebSite	120650	42	4
/industrial-cctv	200	/industrial-cctv	Industrial CCTV for Factories & Warehouses | PGAK	Upgrade existing industrial cameras with AI alerts, or plan a new installation for a factory or warehouse. Built for dust, shift patterns and large sites.	Industrial CCTV for sites too big for anyone to watch	1	/industrial-cctv	index, follow		Answer,BreadcrumbList,City,ContactPoint,Country,FAQPage,GeoCoordinates,ImageObject,ListItem,Person,PostalAddress,Question,Service,State,WebPage,WebSite	143321	47	193
/industries	200	/industries	AI CCTV by Industry in India — Factories, Mandis, Retail | PGAK	AI CCTV and attendance by sector: factories, warehouses, textile units, rice shellers and mandis, cold storage, retail, jewellery, pharmacies, petrol pumps, hotels, offices, schools, hospitals, societies and construction sites.	Find your sector, not our product menu	1	/industries	index, follow		BreadcrumbList,City,ContactPoint,Country,GeoCoordinates,ImageObject,ListItem,Person,PostalAddress,State,WebPage,WebSite	140437	69	193
/insights	200	/insights	AI CCTV Guides — Detection, Attendance & Setup | PGAK	Straight-talking guides on AI CCTV, intruder detection, camera-based attendance and placement, for Indian homes, shops and factories.	Security, explained straight.	1	/insights	index, follow		Blog,BlogPosting,BreadcrumbList,City,ContactPoint,Country,GeoCoordinates,ImageObject,ListItem,Person,PostalAddress,State,WebPage,WebSite	224288	117	193
/insights/1000-alerts-only-one-is-real	200	/insights/1000-alerts-only-one-is-real	1,000 alerts. Only one is real. | PGAK	When almost every notification is a false alarm, people stop trusting them — and the one that actually matters gets swiped away with the rest.	1,000 alerts. Only one is real.	1	/insights/1000-alerts-only-one-is-real	index, follow		BlogPosting,BreadcrumbList,City,ContactPoint,Country,GeoCoordinates,ImageObject,ListItem,Person,PostalAddress,State,WebPage,WebSite	84863	36	9
/insights/aadhaar-based-attendance-and-aebas-explained	200	/insights/aadhaar-based-attendance-and-aebas-explained	Aadhaar Based Attendance and AEBAS, Explained | PGAK	AEBAS is the government's Aadhaar-linked attendance system. Who is actually required to use it, why private employers cannot, and what they use instead.	Aadhaar based attendance and AEBAS, explained plainly	1	/insights/aadhaar-based-attendance-and-aebas-explained	index, follow		Answer,BlogPosting,BreadcrumbList,City,ContactPoint,Country,FAQPage,GeoCoordinates,ImageObject,ListItem,Person,PostalAddress,Question,State,WebPage,WebSite	109641	40	8
/insights/add-ai-to-existing-cctv-cameras	200	/insights/add-ai-to-existing-cctv-cameras	Can you add AI to existing CCTV cameras without replacing them? | PGAK	Usually yes. Most Indian sites run Hikvision, CP Plus or Dahua recorders that can hand over an RTSP stream.	Can you add AI to existing CCTV cameras without replacing them?	1	/insights/add-ai-to-existing-cctv-cameras	index, follow		Answer,BlogPosting,BreadcrumbList,City,ContactPoint,Country,FAQPage,GeoCoordinates,ImageObject,ListItem,Person,PostalAddress,Question,State,WebPage,WebSite	107605	41	7
/insights/ai-cctv-false-alarms-how-to-reduce	200	/insights/ai-cctv-false-alarms-how-to-reduce	Why your CCTV alerts got muted — and how to fix it | PGAK	Every site that muted its alerts had a good reason. The four causes of alert fatigue, and the tuning sequence that makes notifications readable again.	Why your CCTV alerts got muted, and how to earn them back	1	/insights/ai-cctv-false-alarms-how-to-reduce	index, follow		Answer,BlogPosting,BreadcrumbList,City,ContactPoint,Country,FAQPage,GeoCoordinates,ImageObject,ListItem,Person,PostalAddress,Question,State,WebPage,WebSite	88928	36	7
/insights/ai-cctv-for-small-shops-worth-it	200	/insights/ai-cctv-for-small-shops-worth-it	Is AI CCTV worth it for a small shop? | PGAK	Sometimes no. Here's the arithmetic we run with shop owners before selling them anything, including the cases where we tell them to wait.	Is AI CCTV worth it for a small shop?	1	/insights/ai-cctv-for-small-shops-worth-it	index, follow		BlogPosting,BreadcrumbList,City,ContactPoint,Country,GeoCoordinates,ImageObject,ListItem,Person,PostalAddress,State,WebPage,WebSite	86446	39	5
/insights/ai-cctv-price-in-india-what-it-should-cost	200	/insights/ai-cctv-price-in-india-what-it-should-cost	What should AI CCTV actually cost in India? | PGAK	Quotes for AI CCTV in India that we have seen range from ₹500 to ₹8,000 per camera per month, and the difference usually isn't quality.	What should AI CCTV actually cost in India?	1	/insights/ai-cctv-price-in-india-what-it-should-cost	index, follow		Answer,BlogPosting,BreadcrumbList,City,ContactPoint,Country,FAQPage,GeoCoordinates,ImageObject,ListItem,Person,PostalAddress,Question,State,WebPage,WebSite	100653	38	9
/insights/ai-cctv-vs-normal-cctv	200	/insights/ai-cctv-vs-normal-cctv	AI CCTV vs normal CCTV: what actually changes | PGAK	Ordinary CCTV answers 'what happened?' after you already know something happened.	AI CCTV vs normal CCTV: what actually changes	1	/insights/ai-cctv-vs-normal-cctv	index, follow		Answer,BlogPosting,BreadcrumbList,City,ContactPoint,Country,FAQPage,GeoCoordinates,ImageObject,ListItem,Person,PostalAddress,Question,State,WebPage,WebSite	99845	40	5
/insights/ai-cctv-vs-security-guard-cost	200	/insights/ai-cctv-vs-security-guard-cost	AI CCTV vs another security guard: an honest look | PGAK	What a guard genuinely does better, what software genuinely does better, and why the honest answer is usually not 'replace the guard'.	AI CCTV or another security guard? An honest comparison	1	/insights/ai-cctv-vs-security-guard-cost	index, follow		Answer,BlogPosting,BreadcrumbList,City,ContactPoint,Country,FAQPage,GeoCoordinates,ImageObject,ListItem,Person,PostalAddress,Question,State,WebPage,WebSite	89736	36	9
/insights/anpr-number-plate-recognition-when-it-works	200	/insights/anpr-number-plate-recognition-when-it-works	Number plate recognition: when it works and when it does not | PGAK	ANPR reads number plates reliably in a narrower set of conditions than most brochures admit. What actually makes it work, and where it quietly fails.	Number plate recognition: when it works and when it does not	1	/insights/anpr-number-plate-recognition-when-it-works	index, follow		Answer,BlogPosting,BreadcrumbList,City,ContactPoint,Country,FAQPage,GeoCoordinates,ImageObject,ListItem,Person,PostalAddress,Question,State,WebPage,WebSite	92930	36	7
/insights/attendance-24x7-three-shift-operation	200	/insights/attendance-24x7-three-shift-operation	Attendance for a 24x7 three-shift operation | PGAK	A 3 shift attendance system fails at midnight, at handover and when nobody records an exit. What breaks in a 24x7 operation, and how to fix it.	Attendance for a 24x7 three-shift operation	1	/insights/attendance-24x7-three-shift-operation	index, follow		Answer,BlogPosting,BreadcrumbList,City,ContactPoint,Country,FAQPage,GeoCoordinates,ImageObject,ListItem,Person,PostalAddress,Question,State,WebPage,WebSite	93782	37	6
/insights/attendance-data-retention-what-to-delete	200	/insights/attendance-data-retention-what-to-delete	Attendance data: what to keep, what to delete, when | PGAK	Attendance retention isn't one number. Keep the statutory register; delete the biometric template on exit. A practical retention schedule.	Attendance data: what to keep, what to delete, when	1	/insights/attendance-data-retention-what-to-delete	index, follow		Answer,BlogPosting,BreadcrumbList,City,ContactPoint,Country,FAQPage,GeoCoordinates,ImageObject,ListItem,Person,PostalAddress,Question,State,WebPage,WebSite	95939	37	5
/insights/attendance-leave-management-integration	200	/insights/attendance-leave-management-integration	Leave, holidays and attendance: keeping one calendar | PGAK	An employee takes approved leave, and the attendance report still shows an unpaid absence.	Leave, holidays and attendance: keeping one calendar	1	/insights/attendance-leave-management-integration	index, follow		Answer,BlogPosting,BreadcrumbList,City,ContactPoint,Country,FAQPage,GeoCoordinates,ImageObject,ListItem,Person,PostalAddress,Question,State,WebPage,WebSite	92449	36	8
/insights/attendance-records-law-india	200	/insights/attendance-records-law-india	Attendance records under Indian law: what to keep | PGAK	Indian labour law requires attendance and wage registers; the DPDP Act governs the biometric data used to produce them. A plain guide to both.	Attendance records under Indian law: what you must keep	1	/insights/attendance-records-law-india	index, follow		Answer,BlogPosting,BreadcrumbList,City,ContactPoint,Country,FAQPage,GeoCoordinates,ImageObject,ListItem,Person,PostalAddress,Question,State,WebPage,WebSite	95263	37	8
/insights/attendance-seasonal-peak-workforce	200	/insights/attendance-seasonal-peak-workforce	Attendance when your workforce triples for a season | PGAK	Seasonal peaks don't break attendance systems by running out of storage. They run out of enrolment time. Plan for the bottleneck that shows up.	Attendance when your workforce triples for a season	1	/insights/attendance-seasonal-peak-workforce	index, follow		Answer,BlogPosting,BreadcrumbList,City,ContactPoint,Country,FAQPage,GeoCoordinates,ImageObject,ListItem,Person,PostalAddress,Question,State,WebPage,WebSite	92507	36	7
/insights/attendance-system-for-contract-labour	200	/insights/attendance-system-for-contract-labour	Contract labour attendance: the compliance gap | PGAK	Contract workers rotate faster than any enrolment process, yet the principal employer often carries obligations for them.	Attendance for contract labour: the compliance gap nobody plans for	1	/insights/attendance-system-for-contract-labour	index, follow		Answer,BlogPosting,BreadcrumbList,City,ContactPoint,Country,FAQPage,GeoCoordinates,ImageObject,ListItem,Person,PostalAddress,Question,State,WebPage,WebSite	91101	37	8
/insights/best-ai-cctv-camera-for-warehouses-india	200	/insights/best-ai-cctv-camera-for-warehouses-india	Choosing an AI CCTV camera for an Indian warehouse | PGAK	Most warehouse camera advice is about resolution. It should be about coverage, angles and what happens after the footage is recorded.	How to choose an AI CCTV camera for a warehouse in India	1	/insights/best-ai-cctv-camera-for-warehouses-india	index, follow		BlogPosting,BreadcrumbList,City,ContactPoint,Country,GeoCoordinates,ImageObject,ListItem,Person,PostalAddress,State,WebPage,WebSite	88789	38	6
/insights/biometric-attendance-machine-price-in-india	200	/insights/biometric-attendance-machine-price-in-india	Biometric attendance machine price in India | PGAK	Machines are listed from ₹3,000 and quoted per door — but the sticker is less than half the real cost.	Biometric attendance machine price in India: the full math	1	/insights/biometric-attendance-machine-price-in-india	index, follow		Answer,BlogPosting,BreadcrumbList,City,ContactPoint,Country,FAQPage,GeoCoordinates,ImageObject,ListItem,Person,PostalAddress,Question,State,WebPage,WebSite	92181	37	8
/insights/biometric-attendance-payroll-integration	200	/insights/biometric-attendance-payroll-integration	Connecting biometric attendance to payroll | PGAK	Most attendance errors are not scanning errors — they are introduced between the machine and the payslip, by a person with a spreadsheet.	Connecting biometric attendance to payroll without retyping	1	/insights/biometric-attendance-payroll-integration	index, follow		Answer,BlogPosting,BreadcrumbList,City,ContactPoint,Country,FAQPage,GeoCoordinates,ImageObject,ListItem,Person,PostalAddress,Question,State,WebPage,WebSite	89306	36	8
/insights/camera-resolution-vs-distance	200	/insights/camera-resolution-vs-distance	Camera resolution vs distance: the pixel math | PGAK	A 4MP camera sounds sharp on the box, but at 40 metres it can leave a face as a 40-pixel smudge.	Camera resolution vs distance: the pixel math	1	/insights/camera-resolution-vs-distance	index, follow		Answer,BlogPosting,BreadcrumbList,City,ContactPoint,Country,FAQPage,GeoCoordinates,ImageObject,ListItem,Person,PostalAddress,Question,State,WebPage,WebSite	93756	36	8
/insights/can-a-photo-fool-face-attendance	200	/insights/can-a-photo-fool-face-attendance	Can someone fool face attendance with a photo? | PGAK	A printed photo, a phone screen held up to the camera — does it actually work? What liveness detection checks for, and where it still has gaps.	Can someone fool face attendance with a photo?	1	/insights/can-a-photo-fool-face-attendance	index, follow		Answer,BlogPosting,BreadcrumbList,City,ContactPoint,Country,FAQPage,GeoCoordinates,ImageObject,ListItem,Person,PostalAddress,Question,State,WebPage,WebSite	90522	36	5
/insights/case-studies	200	/insights/case-studies	AI CCTV Use Cases — Warehouse, Factory, Retail | PGAK	4 worked scenarios showing how warehouses, factories, shops and societies would use AI CCTV on existing cameras. Illustrative, not case reports.	What AI CCTV looks like on a site like yours	1	/insights/case-studies	index, follow		BreadcrumbList,City,ContactPoint,Country,GeoCoordinates,ImageObject,ListItem,Person,PostalAddress,State,WebPage,WebSite	73315	35	7
/insights/case-studies/factory-gate-attendance-coimbatore	200	/insights/case-studies/factory-gate-attendance-coimbatore	Factory Gate Use Case — Face Recognition vs Biometric | PGAK	A worked scenario: where a fingerprint machine fails on dusty hands, and how face recognition at the gate removes the shift-change queue.	The factory gate where fingerprints stopped working	1	/insights/case-studies/factory-gate-attendance-coimbatore	index, follow		Article,BreadcrumbList,City,ContactPoint,Country,GeoCoordinates,ImageObject,ListItem,Person,PostalAddress,State,WebPage,WebSite	81430	36	3
/insights/case-studies/housing-society-gate-log	200	/insights/case-studies/housing-society-gate-log	Housing Society Use Case — Automating the Gate Log | PGAK	A worked scenario: replacing a paper visitor register with resident vehicle recognition and photo-logged entries on existing gate cameras.	The society gate register nobody could read	1	/insights/case-studies/housing-society-gate-log	index, follow		Article,BreadcrumbList,City,ContactPoint,Country,GeoCoordinates,ImageObject,ListItem,Person,PostalAddress,State,WebPage,WebSite	80004	32	2
/insights/case-studies/retail-false-alarms-jaipur	200	/insights/case-studies/retail-false-alarms-jaipur	Retail Use Case — Cutting False Alarms Staff Ignore | PGAK	A worked scenario: a shop that switched off CCTV alerts after months of false alarms, and how object classification makes them readable again.	The retail chain that had muted its own security app	1	/insights/case-studies/retail-false-alarms-jaipur	index, follow		Article,BreadcrumbList,City,ContactPoint,Country,GeoCoordinates,ImageObject,ListItem,Person,PostalAddress,State,WebPage,WebSite	80616	34	2
/insights/case-studies/warehouse-shrinkage-ludhiana	200	/insights/case-studies/warehouse-shrinkage-ludhiana	Warehouse Use Case — Cutting Shrinkage on 120 Cameras | PGAK	A worked scenario: how a 120-camera warehouse with nobody watching would use AI CCTV to flag loading-bay and after-hours activity in real time.	A 120-camera warehouse that could not watch any of them	1	/insights/case-studies/warehouse-shrinkage-ludhiana	index, follow		Article,BreadcrumbList,City,ContactPoint,Country,GeoCoordinates,ImageObject,ListItem,Person,PostalAddress,State,WebPage,WebSite	81411	33	3
/insights/cctv-amc-what-should-it-include	200	/insights/cctv-amc-what-should-it-include	CCTV AMC in India: what it should actually include | PGAK	Most CCTV annual maintenance contracts are priced as a percentage of hardware and defined as 'we will come when you call'.	CCTV AMC in India: what it should actually include	1	/insights/cctv-amc-what-should-it-include	index, follow		Answer,BlogPosting,BreadcrumbList,City,ContactPoint,Country,FAQPage,GeoCoordinates,ImageObject,ListItem,Person,PostalAddress,Question,State,WebPage,WebSite	89045	36	8
/insights/cctv-blind-spots-where-thieves-look	200	/insights/cctv-blind-spots-where-thieves-look	Where the blind spots are: how a site gets cased | PGAK	Anyone casing a site before a theft isn't looking for your cameras — they're looking for the three metres between them.	Where the blind spots are: how a site gets cased	1	/insights/cctv-blind-spots-where-thieves-look	index, follow		Answer,BlogPosting,BreadcrumbList,City,ContactPoint,Country,FAQPage,GeoCoordinates,ImageObject,ListItem,Person,PostalAddress,Question,State,WebPage,WebSite	94583	36	7
/insights/cctv-cabling-corner-cutting	200	/insights/cctv-cabling-corner-cutting	CCTV cabling: where installers cut corners | PGAK	Cameras rarely die in year one. Cabling does — a wrong cable grade, an outdoor joint with no conduit, a PoE budget nobody calculated.	CCTV cabling: where installers cut corners	1	/insights/cctv-cabling-corner-cutting	index, follow		Answer,BlogPosting,BreadcrumbList,City,ContactPoint,Country,FAQPage,GeoCoordinates,ImageObject,ListItem,Person,PostalAddress,Question,State,WebPage,WebSite	92955	36	7
/insights/cctv-camera-offline-how-to-know	200	/insights/cctv-camera-offline-how-to-know	Would you know if a camera went offline? | PGAK	On nearly every estate we audit, at least one camera is already dark — and nobody knew.	Your camera has been offline for weeks. Would you know?	1	/insights/cctv-camera-offline-how-to-know	index, follow		Answer,BlogPosting,BreadcrumbList,City,ContactPoint,Country,FAQPage,GeoCoordinates,ImageObject,ListItem,Person,PostalAddress,Question,State,WebPage,WebSite	88539	36	7
/insights/cctv-camera-tampering-detection	200	/insights/cctv-camera-tampering-detection	They cover the camera first. Would you know? | PGAK	The most common thing that happens to a camera during a break-in is that it stops working.	They cover the camera first. Would you know?	1	/insights/cctv-camera-tampering-detection	index, follow		Answer,BlogPosting,BreadcrumbList,City,ContactPoint,Country,FAQPage,GeoCoordinates,ImageObject,ListItem,Person,PostalAddress,Question,State,WebPage,WebSite	97275	37	7
/insights/cctv-footage-legal-evidence-india	200	/insights/cctv-footage-legal-evidence-india	Is CCTV footage admissible evidence in India? | PGAK	CCTV footage can be admissible evidence in Indian courts if you can prove it's authentic. Timestamps, certificates and chain of custody explained.	Is CCTV footage admissible evidence in India?	1	/insights/cctv-footage-legal-evidence-india	index, follow		Answer,BlogPosting,BreadcrumbList,City,ContactPoint,Country,FAQPage,GeoCoordinates,ImageObject,ListItem,Person,PostalAddress,Question,State,WebPage,WebSite	94624	36	7
/insights/cctv-monsoon-failures	200	/insights/cctv-monsoon-failures	What CCTV fails in the monsoon, and how to prevent it | PGAK	Monsoon doesn't kill CCTV systems all at once — it finds the one loose connector, one fogged dome, one unearthed junction box.	What CCTV fails in the monsoon, and how to prevent it	1	/insights/cctv-monsoon-failures	index, follow		Answer,BlogPosting,BreadcrumbList,City,ContactPoint,Country,FAQPage,GeoCoordinates,ImageObject,ListItem,Person,PostalAddress,Question,State,WebPage,WebSite	93373	36	7
/insights/cctv-new-rule-2026-india-stqc-er-compliance	200	/insights/cctv-new-rule-2026-india-stqc-er-compliance	"Your cameras are now illegal" — what the 2026 CCTV rule actually says | PGAK	India's CCTV security rule restricts what can be made, imported and sold, not what is already installed.	"Your cameras are now illegal" — what the 2026 CCTV rule actually says	1	/insights/cctv-new-rule-2026-india-stqc-er-compliance	index, follow		Answer,BlogPosting,BreadcrumbList,City,ContactPoint,Country,FAQPage,GeoCoordinates,ImageObject,ListItem,Person,PostalAddress,Question,State,WebPage,WebSite	100443	36	6
/insights/cctv-signage-requirements-india	200	/insights/cctv-signage-requirements-india	Do you need CCTV signage? What the notice should say | PGAK	A camera without a notice is a compliance gap and a wasted deterrent. What the law actually expects, sample wording, and where the sign should go.	Do you need CCTV signage? What the notice should say	1	/insights/cctv-signage-requirements-india	index, follow		Answer,BlogPosting,BreadcrumbList,City,ContactPoint,Country,FAQPage,GeoCoordinates,ImageObject,ListItem,Person,PostalAddress,Question,State,WebPage,WebSite	95870	36	8
/insights/cctv-storage-how-many-days	200	/insights/cctv-storage-how-many-days	How many days is CCTV footage stored? | PGAK	Your real retention is recorder capacity divided by what every camera writes per day, not the installation quote. How to work out your actual number.	How many days of CCTV footage are you really keeping?	1	/insights/cctv-storage-how-many-days	index, follow		Answer,BlogPosting,BreadcrumbList,City,ContactPoint,Country,FAQPage,GeoCoordinates,ImageObject,ListItem,Person,PostalAddress,Question,State,WebPage,WebSite	96032	38	8
/insights/cctv-total-cost-of-ownership-5-years	200	/insights/cctv-total-cost-of-ownership-5-years	The five-year cost of a CCTV system, itemised | PGAK	The quote you get is the smallest number you'll pay for your CCTV system over five years.	The five-year cost of a CCTV system, itemised	1	/insights/cctv-total-cost-of-ownership-5-years	index, follow		Answer,BlogPosting,BreadcrumbList,City,ContactPoint,Country,FAQPage,GeoCoordinates,ImageObject,ListItem,Person,PostalAddress,Question,State,WebPage,WebSite	95482	36	6
/insights/cctv-workplace-privacy-india	200	/insights/cctv-workplace-privacy-india	CCTV in the workplace: what you may and may not record | PGAK	Workplace CCTV is legal in India, but bathrooms and changing rooms are off-limits, and employees need notice. A plain-language compliance checklist.	CCTV in the workplace: what you may and may not record	1	/insights/cctv-workplace-privacy-india	index, follow		Answer,BlogPosting,BreadcrumbList,City,ContactPoint,Country,FAQPage,GeoCoordinates,ImageObject,ListItem,Person,PostalAddress,Question,State,WebPage,WebSite	95267	36	10
/insights/cold-storage-monitoring-cameras	200	/insights/cold-storage-monitoring-cameras	Cold storage: cameras, doors and the cost of a door left open | PGAK	In cold storage, a door left open for ten minutes is a bigger loss than most thefts. What camera-based door monitoring actually catches.	Cold storage: cameras, doors and the cost of a door left open	1	/insights/cold-storage-monitoring-cameras	index, follow		Answer,BlogPosting,BreadcrumbList,City,ContactPoint,Country,FAQPage,GeoCoordinates,ImageObject,ListItem,Person,PostalAddress,Question,State,WebPage,WebSite	93682	36	7
/insights/compare-ai-video-analytics-suppliers-india	200	/insights/compare-ai-video-analytics-suppliers-india	Comparing AI video analytics suppliers in India (Oct 2026) | PGAK	What five AI video analytics suppliers in India publish on price, pilots, camera compatibility, proof and local presence — checked 5 October 2026.	How to compare AI video analytics suppliers in India: what each one actually publishes	1	/insights/compare-ai-video-analytics-suppliers-india	index, follow		Answer,BlogPosting,BreadcrumbList,City,ContactPoint,Country,FAQPage,GeoCoordinates,ImageObject,ListItem,Person,PostalAddress,Question,State,WebPage,WebSite	93069	38	6
/insights/does-ai-cctv-work-without-internet	200	/insights/does-ai-cctv-work-without-internet	Does AI CCTV work without internet? | PGAK	If the detection runs on a device at your site, it keeps working when the link drops — what stops is delivery of the alert to your phone.	Does AI CCTV work without internet?	1	/insights/does-ai-cctv-work-without-internet	index, follow		Answer,BlogPosting,BreadcrumbList,City,ContactPoint,Country,FAQPage,GeoCoordinates,ImageObject,ListItem,Person,PostalAddress,Question,State,WebPage,WebSite	98584	36	10
/insights/does-ai-work-with-tapo-imou-qubo-cameras	200	/insights/does-ai-work-with-tapo-imou-qubo-cameras	Does AI work with my Tapo, Imou, Qubo or Prama camera? | PGAK	Whether AI video analysis works with your Tapo, Imou, Qubo or Prama camera depends on RTSP, not the badge — here is how to check yours in two minutes.	Does AI work with my Tapo, Imou, Qubo or Prama camera?	1	/insights/does-ai-work-with-tapo-imou-qubo-cameras	index, follow		Answer,BlogPosting,BreadcrumbList,City,ContactPoint,Country,FAQPage,GeoCoordinates,ImageObject,ListItem,Person,PostalAddress,Question,State,WebPage,WebSite	96458	36	6
/insights/dvr-vs-nvr-which-do-you-have	200	/insights/dvr-vs-nvr-which-do-you-have	DVR or NVR: which do you actually have, and does it matter | PGAK	A practical guide to telling your DVR from your NVR, and what the difference actually means when you want to add analytics later.	DVR or NVR: which do you actually have, and does it matter	1	/insights/dvr-vs-nvr-which-do-you-have	index, follow		Answer,BlogPosting,BreadcrumbList,City,ContactPoint,Country,FAQPage,GeoCoordinates,ImageObject,ListItem,Person,PostalAddress,Question,State,WebPage,WebSite	92527	36	7
/insights/employee-refuses-biometric-consent	200	/insights/employee-refuses-biometric-consent	When an employee refuses biometric attendance | PGAK	An employee can refuse biometric attendance under the DPDP Act. What a lawful fallback looks like, and why forcing it is the wrong fight.	When an employee refuses biometric attendance	1	/insights/employee-refuses-biometric-consent	index, follow		Answer,BlogPosting,BreadcrumbList,City,ContactPoint,Country,FAQPage,GeoCoordinates,ImageObject,ListItem,Person,PostalAddress,Question,State,WebPage,WebSite	94784	37	6
/insights/face-recognition-accuracy-what-affects-it	200	/insights/face-recognition-accuracy-what-affects-it	What actually affects face recognition accuracy | PGAK	A vendor's 99% accuracy claim says little about your gate. Pixels between the eyes, camera angle, lighting and motion blur decide the real result.	What actually affects face recognition accuracy	1	/insights/face-recognition-accuracy-what-affects-it	index, follow		Answer,BlogPosting,BreadcrumbList,City,ContactPoint,Country,FAQPage,GeoCoordinates,ImageObject,ListItem,Person,PostalAddress,Question,State,WebPage,WebSite	93299	36	5
/insights/face-recognition-low-light-gate	200	/insights/face-recognition-low-light-gate	Face recognition at a badly lit gate | PGAK	A gate camera that works fine all day suddenly stops recognising the same employees after dark. The fix is usually a ₹200 lamp, not a new camera.	Face recognition at a badly lit gate	1	/insights/face-recognition-low-light-gate	index, follow		Answer,BlogPosting,BreadcrumbList,City,ContactPoint,Country,FAQPage,GeoCoordinates,ImageObject,ListItem,Person,PostalAddress,Question,State,WebPage,WebSite	92213	36	5
/insights/fingerprint-attendance-system-why-it-fails	200	/insights/fingerprint-attendance-system-why-it-fails	Fingerprint attendance: where it works and fails | PGAK	Fingerprint attendance is cheap and everywhere — and on factory gates it quietly falls apart.	Fingerprint attendance systems: where they work, where they fail	1	/insights/fingerprint-attendance-system-why-it-fails	index, follow		Answer,BlogPosting,BreadcrumbList,City,ContactPoint,Country,FAQPage,GeoCoordinates,ImageObject,ListItem,Person,PostalAddress,Question,State,WebPage,WebSite	90652	37	10
/insights/geofencing-attendance-field-staff	200	/insights/geofencing-attendance-field-staff	Field staff attendance without micromanaging | PGAK	Geofencing can prove a service engineer reached the client site, or it can turn into tracking someone's lunch break.	Field staff attendance: geofencing without micromanaging	1	/insights/geofencing-attendance-field-staff	index, follow		Answer,BlogPosting,BreadcrumbList,City,ContactPoint,Country,FAQPage,GeoCoordinates,ImageObject,ListItem,Person,PostalAddress,Question,State,WebPage,WebSite	91928	36	9
/insights/hotel-security-and-staff-attendance	200	/insights/hotel-security-and-staff-attendance	Hotels: guest safety and staff attendance on one estate | PGAK	Hotel security usually gets judged on guest floors, but the weak point is housekeeping attendance and back-of-house doors.	Hotels: guest safety and staff attendance on one estate	1	/insights/hotel-security-and-staff-attendance	index, follow		Answer,BlogPosting,BreadcrumbList,City,ContactPoint,Country,FAQPage,GeoCoordinates,ImageObject,ListItem,Person,PostalAddress,Question,State,WebPage,WebSite	92279	36	7
/insights/housing-society-gate-management	200	/insights/housing-society-gate-management	Housing society gates: visitors, vehicles and accountability | PGAK	What a housing society gate needs to track visitors and vehicles properly, and how committees should handle access to CCTV footage.	Housing society gates: visitors, vehicles and accountability	1	/insights/housing-society-gate-management	index, follow		Answer,BlogPosting,BreadcrumbList,City,ContactPoint,Country,FAQPage,GeoCoordinates,ImageObject,ListItem,Person,PostalAddress,Question,State,WebPage,WebSite	93704	36	6
/insights/how-does-ai-intruder-detection-work	200	/insights/how-does-ai-intruder-detection-work	How does AI intruder detection actually work? | PGAK	Not magic, and not motion detection. What actually happens between a person crossing your boundary and your phone buzzing three seconds later.	How does AI intruder detection actually work?	1	/insights/how-does-ai-intruder-detection-work	index, follow		BlogPosting,BreadcrumbList,City,ContactPoint,Country,GeoCoordinates,ImageObject,ListItem,Person,PostalAddress,State,WebPage,WebSite	89201	39	7
/insights/how-many-cameras-does-a-warehouse-need	200	/insights/how-many-cameras-does-a-warehouse-need	How many cameras does a warehouse actually need? | PGAK	Camera count is the wrong first question. Work back from the eight positions that matter and the number answers itself — usually lower than your quote.	How many cameras does a warehouse actually need?	1	/insights/how-many-cameras-does-a-warehouse-need	index, follow		Answer,BlogPosting,BreadcrumbList,City,ContactPoint,Country,FAQPage,GeoCoordinates,ImageObject,ListItem,Person,PostalAddress,Question,State,WebPage,WebSite	89582	36	9
/insights/how-many-cctv-cameras-does-a-factory-need	200	/insights/how-many-cctv-cameras-does-a-factory-need	How many CCTV cameras does a factory need? | PGAK	Not a number per square foot. Count the ways in, where value concentrates, and the events you want flagged — the camera count falls out of that.	How many CCTV cameras does a factory need?	1	/insights/how-many-cctv-cameras-does-a-factory-need	index, follow		Answer,BlogPosting,BreadcrumbList,City,ContactPoint,Country,FAQPage,GeoCoordinates,ImageObject,ListItem,Person,PostalAddress,Question,State,WebPage,WebSite	100627	37	10
/insights/how-many-of-your-cameras-can-actually-recognize-a-face	200	/insights/how-many-of-your-cameras-can-actually-recognize-a-face	How many of your cameras can recognise a face? | PGAK	Probably fewer than you think — and it has nothing to do with megapixels.	How many of your 16 cameras can actually recognize a face?	1	/insights/how-many-of-your-cameras-can-actually-recognize-a-face	index, follow		BlogPosting,BreadcrumbList,City,ContactPoint,Country,GeoCoordinates,ImageObject,ListItem,Person,PostalAddress,State,WebPage,WebSite	87092	36	13
/insights/how-many-photos-face-enrolment	200	/insights/how-many-photos-face-enrolment	How many photos does face enrolment actually need | PGAK	One photo is why half your 'face recognition failures' aren't accuracy problems at all. What a proper enrolment set looks like and how to fix a bad one.	How many photos does face enrolment actually need	1	/insights/how-many-photos-face-enrolment	index, follow		Answer,BlogPosting,BreadcrumbList,City,ContactPoint,Country,FAQPage,GeoCoordinates,ImageObject,ListItem,Person,PostalAddress,Question,State,WebPage,WebSite	91023	36	6
/insights/how-to-choose-a-cctv-installation-company	200	/insights/how-to-choose-a-cctv-installation-company	How to choose a CCTV installation company in India | PGAK	Most CCTV installation quotes are priced per camera and say nothing about whether the system will actually work.	How to choose a CCTV installation company in India	1	/insights/how-to-choose-a-cctv-installation-company	index, follow		Answer,BlogPosting,BreadcrumbList,City,ContactPoint,Country,FAQPage,GeoCoordinates,ImageObject,ListItem,Person,PostalAddress,Question,State,WebPage,WebSite	91893	36	8
/insights/how-to-stop-proxy-attendance	200	/insights/how-to-stop-proxy-attendance	How to stop proxy attendance for good | PGAK	Proxy attendance survives fingerprint machines, cards and registers because all three record a credential, not a person.	How to stop proxy attendance (buddy punching) for good	1	/insights/how-to-stop-proxy-attendance	index, follow		Answer,BlogPosting,BreadcrumbList,City,ContactPoint,Country,FAQPage,GeoCoordinates,ImageObject,ListItem,Person,PostalAddress,Question,State,WebPage,WebSite	89564	37	5
/insights/ip-vs-analogue-cameras-india	200	/insights/ip-vs-analogue-cameras-india	IP or analogue cameras: the honest comparison for India | PGAK	Every quote pushes IP cameras as the upgrade. For a lot of Indian sites, a modern analogue system with a good DVR does the job for less money and less…	IP or analogue cameras: the honest comparison for India	1	/insights/ip-vs-analogue-cameras-india	index, follow		Answer,BlogPosting,BreadcrumbList,City,ContactPoint,Country,FAQPage,GeoCoordinates,ImageObject,ListItem,Person,PostalAddress,Question,State,WebPage,WebSite	93611	37	7
/insights/is-ai-cctv-legal-in-india-dpdp-act	200	/insights/is-ai-cctv-legal-in-india-dpdp-act	Is AI CCTV legal in India? Consent and the DPDP Act | PGAK	Workplace CCTV is lawful in India. Face recognition on employees is where it gets specific, and where most vendor answers are wrong both ways.	Is AI CCTV legal in India? Consent and the DPDP Act	1	/insights/is-ai-cctv-legal-in-india-dpdp-act	index, follow		Answer,BlogPosting,BreadcrumbList,City,ContactPoint,Country,FAQPage,GeoCoordinates,ImageObject,ListItem,Person,PostalAddress,Question,State,WebPage,WebSite	106674	36	13
/insights/jewellery-shop-security-india	200	/insights/jewellery-shop-security-india	Jewellery retail security: layered, not just more cameras | PGAK	Most jewellery shops respond to a scare by adding cameras at the door. The bigger gaps are usually at the counter, the strongroom and outside.	Jewellery retail security: layered, not just more cameras	1	/insights/jewellery-shop-security-india	index, follow		Answer,BlogPosting,BreadcrumbList,City,ContactPoint,Country,FAQPage,GeoCoordinates,ImageObject,ListItem,Person,PostalAddress,Question,State,WebPage,WebSite	94953	36	6
/insights/late-mark-policy-design	200	/insights/late-mark-policy-design	Designing a late-mark policy people accept | PGAK	Most late-mark disputes are about a policy nobody wrote down. A grace period, an escalation ladder and a timestamp everyone trusts fix most of it.	Designing a late-mark policy people accept	1	/insights/late-mark-policy-design	index, follow		Answer,BlogPosting,BreadcrumbList,City,ContactPoint,Country,FAQPage,GeoCoordinates,ImageObject,ListItem,Person,PostalAddress,Question,State,WebPage,WebSite	93565	37	6
/insights/loitering-detection-explained	200	/insights/loitering-detection-explained	Loitering detection: what it catches that motion does not | PGAK	Motion detection fires on anything that moves. Loitering detection adds a dimension motion can't see — how long someone stays.	Loitering detection: what it catches that motion does not	1	/insights/loitering-detection-explained	index, follow		Answer,BlogPosting,BreadcrumbList,City,ContactPoint,Country,FAQPage,GeoCoordinates,ImageObject,ListItem,Person,PostalAddress,Question,State,WebPage,WebSite	91596	36	7
/insights/masks-helmets-turbans-face-recognition	200	/insights/masks-helmets-turbans-face-recognition	Face recognition with helmets, turbans and masks | PGAK	Turbans and hard hats are fine. Masks, visors and sunglasses are not. What face recognition attendance really handles at an Indian factory gate.	Helmets, turbans and masks: what face recognition can handle	1	/insights/masks-helmets-turbans-face-recognition	index, follow		Answer,BlogPosting,BreadcrumbList,City,ContactPoint,Country,FAQPage,GeoCoordinates,ImageObject,ListItem,Person,PostalAddress,Question,State,WebPage,WebSite	92712	36	5
/insights/migrating-attendance-system-without-losing-history	200	/insights/migrating-attendance-system-without-losing-history	Switching attendance systems without losing history | PGAK	What actually transfers when you switch attendance systems, the export format to insist on, and the one week of the month never to cut over on.	Switching attendance systems without losing history	1	/insights/migrating-attendance-system-without-losing-history	index, follow		Answer,BlogPosting,BreadcrumbList,City,ContactPoint,Country,FAQPage,GeoCoordinates,ImageObject,ListItem,Person,PostalAddress,Question,State,WebPage,WebSite	94408	36	6
/insights/multi-location-attendance-management	200	/insights/multi-location-attendance-management	Managing attendance across multiple locations | PGAK	Three sites usually means three attendance systems, three exports and a spreadsheet that merges them badly.	Managing attendance across multiple locations	1	/insights/multi-location-attendance-management	index, follow		Answer,BlogPosting,BreadcrumbList,City,ContactPoint,Country,FAQPage,GeoCoordinates,ImageObject,ListItem,Person,PostalAddress,Question,State,WebPage,WebSite	89150	36	7
/insights/night-shift-attendance-tracking	200	/insights/night-shift-attendance-tracking	Night shift attendance: proving who was there | PGAK	Night shift is where attendance systems are least supervised and most gamed. Four controls that give you a defensible record of the shift nobody watches.	Night shift attendance: proving who was actually there	1	/insights/night-shift-attendance-tracking	index, follow		Answer,BlogPosting,BreadcrumbList,City,ContactPoint,Country,FAQPage,GeoCoordinates,ImageObject,ListItem,Person,PostalAddress,Question,State,WebPage,WebSite	90139	37	6
/insights/nobody-can-watch-120-camera-feeds	200	/insights/nobody-can-watch-120-camera-feeds	You have 120 cameras. Nobody can watch them all. | PGAK	A wall of screens looks impressive — but one or two people can only truly watch a handful at a time.	You have 120 cameras. Nobody can watch them all.	1	/insights/nobody-can-watch-120-camera-feeds	index, follow		BlogPosting,BreadcrumbList,City,ContactPoint,Country,GeoCoordinates,ImageObject,ListItem,Person,PostalAddress,State,WebPage,WebSite	85521	36	7
/insights/onboarding-employee-into-attendance	200	/insights/onboarding-employee-into-attendance	Getting a new joiner onto attendance in five minutes | PGAK	Enrolling a new joiner should take minutes, not a week. Where employee onboarding attendance stalls, and why enrolment time costs more than misses.	Getting a new joiner onto attendance in five minutes	1	/insights/onboarding-employee-into-attendance	index, follow		Answer,BlogPosting,BreadcrumbList,City,ContactPoint,Country,FAQPage,GeoCoordinates,ImageObject,ListItem,Person,PostalAddress,Question,State,WebPage,WebSite	92807	36	6
/insights/overtime-disputes-common-causes	200	/insights/overtime-disputes-common-causes	The five causes of every overtime dispute | PGAK	Rounding, shift-end confusion, weekly-off rates, missed punch-outs, unapproved hours. The five causes of every overtime dispute, and a fix for each.	The five causes of every overtime dispute	1	/insights/overtime-disputes-common-causes	index, follow		Answer,BlogPosting,BreadcrumbList,City,ContactPoint,Country,FAQPage,GeoCoordinates,ImageObject,ListItem,Person,PostalAddress,Question,State,WebPage,WebSite	92834	36	6
/insights/people-counting-footfall-cctv	200	/insights/people-counting-footfall-cctv	People counting from cameras you already own | PGAK	CCTV-based people counting works on cameras you already own. Here's how accurate it really is and what the footfall number is good for.	People counting from cameras you already own	1	/insights/people-counting-footfall-cctv	index, follow		Answer,BlogPosting,BreadcrumbList,City,ContactPoint,Country,FAQPage,GeoCoordinates,ImageObject,ListItem,Person,PostalAddress,Question,State,WebPage,WebSite	92026	36	6
/insights/petrol-pump-security-cameras	200	/insights/petrol-pump-security-cameras	Petrol pump security: the four positions that matter | PGAK	Four petrol pump CCTV camera positions that actually cover the risk — forecourt, till, tanker bay and entry — and what cameras alone can't stop.	Petrol pump security: the four positions that matter	1	/insights/petrol-pump-security-cameras	index, follow		Answer,BlogPosting,BreadcrumbList,City,ContactPoint,Country,FAQPage,GeoCoordinates,ImageObject,ListItem,Person,PostalAddress,Question,State,WebPage,WebSite	92034	37	8
/insights/pharmacy-medical-store-security	200	/insights/pharmacy-medical-store-security	Pharmacy security: schedule drugs, cash and staff | PGAK	A medical store has three risks stacked in one small room — controlled-substance theft, till shortages and after-hours break-ins.	Pharmacy security: schedule drugs, cash and staff	1	/insights/pharmacy-medical-store-security	index, follow		Answer,BlogPosting,BreadcrumbList,City,ContactPoint,Country,FAQPage,GeoCoordinates,ImageObject,ListItem,Person,PostalAddress,Question,State,WebPage,WebSite	95785	36	8
/insights/replace-attendance-register-with-camera	200	/insights/replace-attendance-register-with-camera	Replacing the paper attendance register | PGAK	Most Indian sites still run a register alongside whatever machine they bought.	Replacing the paper attendance register: a practical path	1	/insights/replace-attendance-register-with-camera	index, follow		Answer,BlogPosting,BreadcrumbList,City,ContactPoint,Country,FAQPage,GeoCoordinates,ImageObject,ListItem,Person,PostalAddress,Question,State,WebPage,WebSite	88820	36	9
/insights/restaurant-kitchen-attendance-hygiene	200	/insights/restaurant-kitchen-attendance-hygiene	Restaurants: attendance without a shared-touch device in the kitchen | PGAK	A fingerprint scanner outside a kitchen is touched by every hand that later touches food. What restaurants use instead, and where it still needs a backup.	Restaurants: attendance without a shared-touch device in the kitchen	1	/insights/restaurant-kitchen-attendance-hygiene	index, follow		Answer,BlogPosting,BreadcrumbList,City,ContactPoint,Country,FAQPage,GeoCoordinates,ImageObject,ListItem,Person,PostalAddress,Question,State,WebPage,WebSite	92551	36	6
/insights/reuse-existing-cctv-or-replace	200	/insights/reuse-existing-cctv-or-replace	Reuse your existing CCTV or replace it? | PGAK	Every vendor with cameras to sell will tell you your estate is obsolete.	Reuse your existing CCTV or replace it? A decision guide	1	/insights/reuse-existing-cctv-or-replace	index, follow		Answer,BlogPosting,BreadcrumbList,City,ContactPoint,Country,FAQPage,GeoCoordinates,ImageObject,ListItem,Person,PostalAddress,Question,State,WebPage,WebSite	88164	36	7
/insights/rice-sheller-grain-mandi-security	200	/insights/rice-sheller-grain-mandi-security	Rice shellers and grain mandis: seasonal labour and stock | PGAK	How to secure a rice sheller or grain mandi during procurement season, when seasonal labour and open-yard stock create the highest risk.	Rice shellers and grain mandis: seasonal labour and stock	1	/insights/rice-sheller-grain-mandi-security	index, follow		Answer,BlogPosting,BreadcrumbList,City,ContactPoint,Country,FAQPage,GeoCoordinates,ImageObject,ListItem,Person,PostalAddress,Question,State,WebPage,WebSite	93577	36	6
/insights/shift-management-attendance-india	200	/insights/shift-management-attendance-india	Rotating shifts and attendance rules in India | PGAK	Rotating shifts break most attendance systems quietly — a night shift crossing midnight lands two dates, and the whole month drifts.	Rotating shifts and attendance: getting the rules right	1	/insights/shift-management-attendance-india	index, follow		Answer,BlogPosting,BreadcrumbList,City,ContactPoint,Country,FAQPage,GeoCoordinates,ImageObject,ListItem,Person,PostalAddress,Question,State,WebPage,WebSite	89401	37	7
/insights/showroom-retail-shrinkage	200	/insights/showroom-retail-shrinkage	Showroom shrinkage: the evidence index approach | PGAK	Retail shop theft CCTV rarely stops anything in the moment. Its real value is turning 'we lost stock somewhere this month' into a searchable index you can…	Showroom shrinkage: the evidence index approach	1	/insights/showroom-retail-shrinkage	index, follow		Answer,BlogPosting,BreadcrumbList,City,ContactPoint,Country,FAQPage,GeoCoordinates,ImageObject,ListItem,Person,PostalAddress,Question,State,WebPage,WebSite	91402	36	7
/insights/textile-unit-security-attendance	200	/insights/textile-unit-security-attendance	Textile units: dust, shifts and worn fingerprints | PGAK	Fingerprint scanners fail hardest on a textile floor — yarn and fabric wear down the ridges the machine needs to read.	Textile units: dust, shifts and worn fingerprints	1	/insights/textile-unit-security-attendance	index, follow		Answer,BlogPosting,BreadcrumbList,City,ContactPoint,Country,FAQPage,GeoCoordinates,ImageObject,ListItem,Person,PostalAddress,Question,State,WebPage,WebSite	92926	36	6
/insights/what-is-video-analytics-software	200	/insights/what-is-video-analytics-software	What is video analytics software, and do you need it? | PGAK	Video analytics software turns cameras that record into cameras that report.	What is video analytics software, and do you need it?	1	/insights/what-is-video-analytics-software	index, follow		Answer,BlogPosting,BreadcrumbList,City,ContactPoint,Country,FAQPage,GeoCoordinates,ImageObject,ListItem,Person,PostalAddress,Question,State,WebPage,WebSite	91495	36	6
/insights/what-to-check-before-buying-attendance-system	200	/insights/what-to-check-before-buying-attendance-system	12 questions before buying an attendance system | PGAK	A vendor-neutral checklist. Print it, ask every supplier the same twelve questions, and compare the answers rather than the brochures — including ours.	Twelve questions to ask before buying any attendance system	1	/insights/what-to-check-before-buying-attendance-system	index, follow		Answer,BlogPosting,BreadcrumbList,City,ContactPoint,Country,FAQPage,GeoCoordinates,ImageObject,ListItem,Person,PostalAddress,Question,State,WebPage,WebSite	89811	37	6
/insights/what-to-do-day-after-a-theft	200	/insights/what-to-do-day-after-a-theft	The day after a theft: a practical checklist | PGAK	CCTV footage overwrites on a schedule. The exact steps to take in the first hours after a theft — export, timestamps, FIR, insurance — before the recording…	The day after a theft: a practical checklist	1	/insights/what-to-do-day-after-a-theft	index, follow		Answer,BlogPosting,BreadcrumbList,City,ContactPoint,Country,FAQPage,GeoCoordinates,ImageObject,ListItem,Person,PostalAddress,Question,State,WebPage,WebSite	94160	36	8
/insights/where-to-place-cctv-cameras-for-ai-detection	200	/insights/where-to-place-cctv-cameras-for-ai-detection	Where to place CCTV cameras for AI detection | PGAK	The usual reason AI detection underperforms is not the software — it is a camera four metres up in a corner, seeing everything and identifying nothing.	Where to place CCTV cameras so AI detection actually works	1	/insights/where-to-place-cctv-cameras-for-ai-detection	index, follow		BlogPosting,BreadcrumbList,City,ContactPoint,Country,GeoCoordinates,ImageObject,ListItem,Person,PostalAddress,State,WebPage,WebSite	90334	38	11
/insights/why-biometric-attendance-machines-fail-at-the-factory-gate	200	/insights/why-biometric-attendance-machines-fail-at-the-factory-gate	Why attendance machines fail at the factory gate | PGAK	Queues at shift change, dusty fingers that won't scan, and a register that still needs manual correction.	Why biometric attendance machines fail at the factory gate	1	/insights/why-biometric-attendance-machines-fail-at-the-factory-gate	index, follow		BlogPosting,BreadcrumbList,City,ContactPoint,Country,GeoCoordinates,ImageObject,ListItem,Person,PostalAddress,State,WebPage,WebSite	87929	39	13
/insights/your-dvr-records-the-theft-it-doesnt-stop-it	200	/insights/your-dvr-records-the-theft-it-doesnt-stop-it	Your DVR records the theft. It doesn't stop it. | PGAK	Most CCTV systems in India are evidence machines, not protection. Here's the difference between a camera that watches and a camera that thinks.	Your DVR records the theft. It doesn't stop it.	1	/insights/your-dvr-records-the-theft-it-doesnt-stop-it	index, follow		BlogPosting,BreadcrumbList,City,ContactPoint,Country,GeoCoordinates,ImageObject,ListItem,Person,PostalAddress,State,WebPage,WebSite	87063	36	11
/leadership	200	/leadership	Leadership — the founders and CEO of PGAK Innovations	Who runs PGAK Innovations Pvt. Ltd.: founders Puneet Garg and Ankur Kaplesh, and CEO Aditya Mittal — with the company's registration details so you can check us.	The people you are actually buying from.	1	/leadership	index, follow		BreadcrumbList,City,ContactPoint,Country,GeoCoordinates,ImageObject,ListItem,Organization,Person,PostalAddress,State,WebPage,WebSite	86941	31	98
/multi-site-cctv-monitoring	200	/multi-site-cctv-monitoring	Camera-feed health across multiple sites | PGAK	Evaluate a repeatable process for noticing unavailable camera feeds, assigning ownership and confirming recovery. Verify central visibility and access controls for the exact proposed deployment.	Camera-feed health across multiple sites	1	/multi-site-cctv-monitoring	index, follow		BreadcrumbList,City,ContactPoint,Country,GeoCoordinates,ImageObject,ListItem,Person,PostalAddress,State,WebPage,WebSite	80659	35	8
/nri-property-security	200	/nri-property-security	NRI Property Security Punjab | Watch Your Kothi From Abroad	Empty kothi, farmhouse or plot in Punjab? PGAK turns the CCTV you already have into an AI guard that alerts your phone, wherever in the world you live.	Your home in Punjab, protected while you’re abroad	1	/nri-property-security	index, follow		Answer,Audience,BreadcrumbList,City,ContactPoint,Country,FAQPage,GeoCoordinates,ImageObject,ListItem,Person,Place,PostalAddress,Question,Service,State,WebPage,WebSite	151635	40	193
/our-story	200	/our-story	Our story — why PGAK was built, and what we refuse to claim	PGAK was started in Ludhiana in 2023 because the cameras were already there and the intelligence wasn't. The story, including the claims we decided not to make.	The cameras were already there. The intelligence wasn’t.	1	/our-story	index, follow		BreadcrumbList,City,ContactPoint,Country,GeoCoordinates,ImageObject,ListItem,Person,PostalAddress,State,WebPage,WebSite	80359	32	193
/partners	200	/partners	Dealer and integrator enquiries | PGAK	Discuss a potential integration or delivery relationship separately from an end-customer deployment. No appointment, territory or commercial arrangement is implied.	Dealer and integrator enquiries	1	/partners	index, follow		BreadcrumbList,City,ContactPoint,Country,GeoCoordinates,ImageObject,ListItem,Person,PostalAddress,State,WebPage,WebSite	61679	31	193
/platform	200	/platform	An analytics layer. A clearly scoped deployment. | PGAK	Explore the requirements and evidence needed to evaluate PGAK with your existing CCTV system. Camera compatibility and product scope are verified before commitment.	An analytics layer. A clearly scoped deployment.	1	/platform	index, follow		BreadcrumbList,City,ContactPoint,Country,GeoCoordinates,ImageObject,ListItem,Person,PostalAddress,State,WebPage,WebSite	64931	35	193
/platform/capabilities	200	/platform/capabilities	Capability and evidence register | PGAK	A shared reference for product scope. Unverified means a suitable, approved evidence record is missing; it is not a statement that a feature can never be supplied.	Capability and evidence register	1	/platform/capabilities	index, follow		BreadcrumbList,City,ContactPoint,Country,GeoCoordinates,ImageObject,ListItem,Person,PostalAddress,State,WebPage,WebSite	109323	38	26
/platform/compatibility	200	/platform/compatibility	CCTV compatibility: verify the stream and the scene | PGAK	A camera brand or ONVIF label does not establish compatibility. Match model and firmware evidence to the intended analytics, then test representative conditions.	CCTV compatibility: verify the stream and the scene	1	/platform/compatibility	index, follow		BreadcrumbList,City,ContactPoint,Country,GeoCoordinates,ImageObject,ListItem,Person,PostalAddress,State,WebPage,WebSite	72918	32	30
/platform/deployment	200	/platform/deployment	Deployment requirements and responsibilities | PGAK	Plan processing, connectivity and the operating response together. A written scope should identify what PGAK supplies, what the site supplies and what remains unverified.	Deployment requirements and responsibilities	1	/platform/deployment	index, follow		BreadcrumbList,City,ContactPoint,Country,GeoCoordinates,ImageObject,ListItem,Person,PostalAddress,State,WebPage,WebSite	67561	31	7
/platform/vms-integration	200	/platform/vms-integration	AI analytics and your existing VMS | PGAK	Analytics evaluates events in video. A VMS manages workflows such as recording, playback, retention and operator permissions. Verify both roles without assuming one replaces the other.	AI analytics and your existing VMS	1	/platform/vms-integration	index, follow		BreadcrumbList,City,ContactPoint,Country,GeoCoordinates,ImageObject,ListItem,Person,PostalAddress,State,WebPage,WebSite	62689	32	3
/pricing	200	/pricing	AI CCTV pricing — a quote built around your site | PGAK	Understand the cost drivers before you commit. Confirm exact charges, inclusions, support and contract terms in a written proposal.	AI CCTV pricing — a quote built around your site	1	/pricing	index, follow		BreadcrumbList,City,ContactPoint,Country,GeoCoordinates,ImageObject,ListItem,Person,PostalAddress,State,WebPage,WebSite	71595	32	194
/privacy	200	/privacy	Privacy Policy — PGAK	How PGAK Innovations Pvt. Ltd. collects, uses, and protects the information you share with us, and how video from your cameras is handled.	Privacy Policy	1	/privacy	index, follow		City,ContactPoint,Country,GeoCoordinates,ImageObject,Person,PostalAddress,State,WebSite	30681	3	195
/remote-cctv-monitoring	200	/remote-cctv-monitoring	Remote CCTV Monitoring That Contacts You | PGAK	Remote CCTV monitoring where the system raises the alert instead of waiting to be watched — live view and phone alerts with snapshots, with camera-health checks evaluated at your site.	Remote CCTV monitoring that calls you, not the other way round	1	/remote-cctv-monitoring	index, follow		Answer,BreadcrumbList,City,ContactPoint,Country,FAQPage,GeoCoordinates,ImageObject,ListItem,Person,PostalAddress,Question,Service,State,WebPage,WebSite	144330	47	193
/residential-security	200	/residential-security	Smart Home Security — AI CCTV for Houses & Societies | PGAK	Know your family from a stranger: intruder alerts, gate visitor logging and society-wide monitoring on the home CCTV you already own.	A smart home security system that knows the difference between your family and a stranger	1	/residential-security	index, follow		Answer,BreadcrumbList,City,ContactPoint,Country,FAQPage,GeoCoordinates,ImageObject,ListItem,Person,PostalAddress,Question,Service,State,WebPage,WebSite	142171	46	193
/resources	200	/resources	Requirements, evidence and useful planning tools | PGAK	Get useful information before a sales conversation. These guides separate general evaluation methods from verified PGAK product evidence.	Requirements, evidence and useful planning tools	1	/resources	index, follow		BreadcrumbList,City,ContactPoint,Country,GeoCoordinates,ImageObject,ListItem,Person,PostalAddress,State,WebPage,WebSite	62620	34	193
/resources/evaluation-method	200	/resources/evaluation-method	A practical AI CCTV pilot worksheet | PGAK	Define success before testing. Use the same scenes and criteria for every candidate, and record failures as carefully as useful alerts.	A practical AI CCTV pilot worksheet	1	/resources/evaluation-method	index, follow		BreadcrumbList,City,ContactPoint,Country,GeoCoordinates,ImageObject,ListItem,Person,PostalAddress,State,WebPage,WebSite	69628	32	193
/resources/evidence	200	/resources/evidence	Evidence you can inspect | PGAK	PGAK's own recorded demonstrations, each with its date, conditions and limits — and what a demonstration does not prove compared with a measured customer result.	Evidence you can inspect	1	/resources/evidence	index, follow		BreadcrumbList,City,ContactPoint,Country,GeoCoordinates,ImageObject,ListItem,Person,PostalAddress,State,WebPage,WebSite	80495	34	193
/resources/scope-worksheet	200	/resources/scope-worksheet	AI CCTV scope worksheet to print and fill in | PGAK	A printable worksheet to scope an AI CCTV project before any quote: camera inventory, use cases with acceptance tests, responsibilities and data handling.	AI CCTV scope worksheet	1	/resources/scope-worksheet	index, follow		BreadcrumbList,City,ContactPoint,Country,GeoCoordinates,ImageObject,ListItem,Person,PostalAddress,State,WebPage,WebSite	77276	31	27
/resources/storage-bandwidth	200	/resources/storage-bandwidth	CCTV storage and bandwidth calculator | PGAK	Estimate continuous-recording video volume from camera count, average bitrate and retention. This vendor-neutral worksheet does not claim PGAK supplies recording storage.	CCTV storage and bandwidth calculator	1	/resources/storage-bandwidth	index, follow		BreadcrumbList,City,ContactPoint,Country,GeoCoordinates,ImageObject,ListItem,Person,PostalAddress,State,WebPage,WebSite	63210	32	2
/retail-shop-security	200	/retail-shop-security	Retail Shop Security — AI CCTV That Catches Theft | PGAK	Flag suspicious dwell time, till-area activity and after-hours entry in real time — on the shop CCTV cameras you already installed.	Retail shop security that acts during the theft, not after it	1	/retail-shop-security	index, follow		Answer,BreadcrumbList,City,ContactPoint,Country,FAQPage,GeoCoordinates,ImageObject,ListItem,Person,PostalAddress,Question,Service,State,WebPage,WebSite	121427	42	14
/roi-calculator	200	/roi-calculator	AI CCTV cost and benefit calculator | PGAK	Build a scenario from your own quote and evidence. Separate actual cash savings from productivity estimates; a result can legitimately say the purchase is not justified.	AI CCTV cost and benefit calculator	1	/roi-calculator	index, follow		BreadcrumbList,City,ContactPoint,Country,GeoCoordinates,ImageObject,ListItem,Person,PostalAddress,State,WebPage,WebSite	62199	31	193
/school-security	200	/school-security	School Security System — AI CCTV for Campus Gates | PGAK	Visitor logging at the gate, staff attendance and after-hours grounds alerts, evaluated on your existing campus CCTV — with data kept to the minimum a school needs.	School security that knows who belongs on campus	1	/school-security	index, follow		Answer,BreadcrumbList,City,ContactPoint,Country,FAQPage,GeoCoordinates,ImageObject,ListItem,Person,PostalAddress,Question,Service,State,WebPage,WebSite	120527	41	8
/smart-perimeter-protection	200	/smart-perimeter-protection	Smart Perimeter Protection — Virtual Fencing | PGAK	Virtual fencing on compatible cameras along walls, yards and roof access — no trenching or perimeter cabling. Person and vehicle alerts, optional siren.	Smart perimeter protection — a fence that reports itself	1	/smart-perimeter-protection	index, follow		Answer,BreadcrumbList,City,ContactPoint,Country,FAQPage,GeoCoordinates,ImageObject,ListItem,Person,PostalAddress,Question,Service,State,WebPage,WebSite	126042	44	25
/solutions	200	/solutions	AI CCTV for Warehouses, Factories, Offices & Homes | PGAK	Where PGAK's AI CCTV works: warehouses, factories, offices, retail, homes, societies, schools and hospitals — on the cameras already installed.	AI CCTV for every place worth protecting	1	/solutions	index, follow		BreadcrumbList,City,ContactPoint,Country,GeoCoordinates,ImageObject,ListItem,Person,PostalAddress,State,WebPage,WebSite	107533	55	193
/terms	200	/terms	Terms & Conditions — PGAK	The terms and conditions that govern PGAK's AI CCTV service: subscription, cancellation, acceptable use, video data handling, and liability.	Terms & Conditions	1	/terms	index, follow		City,ContactPoint,Country,GeoCoordinates,ImageObject,Person,PostalAddress,State,WebSite	32341	5	194
/video-analytics-software	200	/video-analytics-software	AI video analytics software for existing CCTV | PGAK	Video analytics evaluates selected events in camera feeds. Check the intended task, technical fit and evidence before choosing software for your business.	AI video analytics software for existing CCTV	1	/video-analytics-software	index, follow		BreadcrumbList,City,ContactPoint,Country,GeoCoordinates,ImageObject,ListItem,Person,PostalAddress,State,WebPage,WebSite	74029	35	8
https://www.pgak.co.in/insights/face-recognition-attendance-vs-biometric-machine	ERR	TypeError: fetch failed											0
https://www.pgak.co.in/insights/stop-threats-before-they-happen	ERR	TypeError: fetch failed											0
